:START_ID,:END_ID,:TYPE
Q109438116,Q12712165,ALUMNI
Q132672443,Q478044,ALUMNI
Q132672443,Q7603607,ALUMNI
Q120000583,Q1573634,ALUMNI
Q123871280,Q12523404,ALUMNI
Q123871280,Q123387776,ALUMNI
Q104155065,Q127990,ALUMNI
Q20450651,Q739627,ALUMNI
Q20450651,Q1201513,ALUMNI
Q20426337,Q1579397,ALUMNI
Q12470452,Q1494353,ALUMNI
Q12470452,Q104633597,ALUMNI
Q16161966,Q350752,ALUMNI
Q16161966,Q12510693,ALUMNI
Q17410528,Q12523349,ALUMNI
Q56398834,Q30294464,ALUMNI
Q56398834,Q108873634,ALUMNI
Q16162038,Q3213529,ALUMNI
Q17410159,Q12523348,ALUMNI
Q12470537,Q1145992,ALUMNI
Q12470537,Q1517021,ALUMNI
Q12470537,Q4806246,ALUMNI
Q12470537,Q19752277,ALUMNI
Q2978474,Q534515,ALUMNI
Q138501999,Q478044,ALUMNI
Q56415259,Q478044,ALUMNI
Q31173539,Q4200627,ALUMNI
Q31173539,Q4250919,ALUMNI
Q12470547,Q534515,ALUMNI
Q16162222,Q1141959,ALUMNI
Q110392401,Q12486116,ALUMNI
Q110392401,Q12523340,ALUMNI
Q16162264,Q6482697,ALUMNI
Q12470552,Q534515,ALUMNI
Q72061441,Q12523418,ALUMNI
Q105162765,Q1579397,ALUMNI
Q105162765,Q10862512,ALUMNI
Q105162765,Q19734587,ALUMNI
Q120221118,Q12523347,ALUMNI
Q317291,Q58667835,ALUMNI
Q16162333,Q4200627,ALUMNI
Q16162333,Q56399689,ALUMNI
Q133806589,Q1145992,ALUMNI
Q31173938,Q7442749,ALUMNI
Q97590564,Q727675,ALUMNI
Q97590564,Q1579397,ALUMNI
Q1401053,Q1890262,ALUMNI
Q1401053,Q1934491,ALUMNI
Q16162401,Q3130435,ALUMNI
Q25471318,Q7603634,ALUMNI
Q95971823,Q109911108,ALUMNI
Q109439669,Q19752735,ALUMNI
Q16162516,Q4200341,ALUMNI
Q16162532,Q12486116,ALUMNI
Q120221128,Q12522871,ALUMNI
Q16162595,Q534515,ALUMNI
Q108203510,Q1145992,ALUMNI
Q17410338,Q31173528,ALUMNI
Q85988352,Q350752,ALUMNI
Q136386195,Q173959,ALUMNI
Q136386195,Q12522872,ALUMNI
Q55766298,Q18206727,ALUMNI
Q85988365,Q10862378,ALUMNI
Q76167,Q173959,ALUMNI
Q76167,Q550376,ALUMNI
Q76167,Q6367758,ALUMNI
Q96988040,Q534515,ALUMNI
Q96988040,Q12523378,ALUMNI
Q96988040,Q19749142,ALUMNI
Q96988040,Q97572684,ALUMNI
Q16162741,Q67179864,ALUMNI
Q10860431,Q10862512,ALUMNI
Q12470619,Q19744804,ALUMNI
Q12470623,Q1934491,ALUMNI
Q336042,Q1579397,ALUMNI
Q93426301,Q534515,ALUMNI
Q93426301,Q3181122,ALUMNI
Q93426301,Q12523349,ALUMNI
Q85988388,Q12523326,ALUMNI
Q85988388,Q19744837,ALUMNI
Q4252037,Q534515,ALUMNI
Q109433203,Q350752,ALUMNI
Q56391800,Q12523348,ALUMNI
Q17410841,Q534515,ALUMNI
Q17410841,Q3181122,ALUMNI
Q17410841,Q7476068,ALUMNI
Q17410841,Q12523323,ALUMNI
Q17410342,Q1896627,ALUMNI
Q97590829,Q4200297,ALUMNI
Q97590826,Q12523331,ALUMNI
Q97590826,Q12523337,ALUMNI
Q96989460,Q1847733,ALUMNI
Q96989460,Q14091635,ALUMNI
Q96989460,Q97572689,ALUMNI
Q109564146,Q1145992,ALUMNI
Q109564146,Q3130435,ALUMNI
Q109564146,Q3181122,ALUMNI
Q16162990,Q1579397,ALUMNI
Q25468621,Q12523349,ALUMNI
Q97590834,Q3181122,ALUMNI
Q97590834,Q6177417,ALUMNI
Q97590834,Q16877900,ALUMNI
Q12470650,Q534515,ALUMNI
Q12470650,Q12523337,ALUMNI
Q12470650,Q12523428,ALUMNI
Q65207954,Q534515,ALUMNI
Q4250968,Q156598,ALUMNI
Q109725208,Q10862512,ALUMNI
Q65203641,Q17997867,ALUMNI
Q12470687,Q7391096,ALUMNI
Q12470687,Q17997867,ALUMNI
Q12470686,Q10862512,ALUMNI
Q49254213,Q3181122,ALUMNI
Q49254213,Q7697348,ALUMNI
Q85988433,Q1847733,ALUMNI
Q85988433,Q12523352,ALUMNI
Q16163236,Q534515,ALUMNI
Q16163236,Q861548,ALUMNI
Q18421322,Q3181122,ALUMNI
Q18421322,Q12523349,ALUMNI
Q18421322,Q14091635,ALUMNI
Q123152749,Q12523349,ALUMNI
Q19723696,Q4250926,ALUMNI
Q19723696,Q12510488,ALUMNI
Q19723696,Q28725246,ALUMNI
Q56161334,Q19744776,ALUMNI
Q4682572,Q534515,ALUMNI
Q4682572,Q2306715,ALUMNI
Q4682572,Q4250926,ALUMNI
Q101089316,Q6933777,ALUMNI
Q17410348,Q280361,ALUMNI
Q17410348,Q12510277,ALUMNI
Q17410348,Q12523443,ALUMNI
Q109563755,Q350752,ALUMNI
Q20426350,Q7894412,ALUMNI
Q96988409,Q12523483,ALUMNI
Q25466191,Q7603634,ALUMNI
Q17410351,Q170027,ALUMNI
Q17410351,Q7589481,ALUMNI
Q97590738,Q7408055,ALUMNI
Q97590738,Q28950058,ALUMNI
Q104830804,Q7686944,ALUMNI
Q16163503,Q1896627,ALUMNI
Q16163503,Q12482738,ALUMNI
Q49252248,Q534515,ALUMNI
Q49252248,Q1824905,ALUMNI
Q61119098,Q12523345,ALUMNI
Q109438122,Q4200341,ALUMNI
Q65212430,Q478044,ALUMNI
Q123523263,Q7408055,ALUMNI
Q123523263,Q19734802,ALUMNI
Q123523263,Q19740092,ALUMNI
Q16163751,Q1579397,ALUMNI
Q12470878,Q1145992,ALUMNI
Q108889808,Q12486653,ALUMNI
Q97590735,Q19734760,ALUMNI
Q97590735,Q97621584,ALUMNI
Q97590735,Q97621591,ALUMNI
Q123725984,Q3181122,ALUMNI
Q16163953,Q1145992,ALUMNI
Q4694586,Q4745400,ALUMNI
Q123346501,Q534515,ALUMNI
Q123346501,Q97572810,ALUMNI
Q65209531,Q4200627,ALUMNI
Q96989539,Q12510646,ALUMNI
Q96989539,Q12511120,ALUMNI
Q96989539,Q12511291,ALUMNI
Q96989539,Q13098259,ALUMNI
Q25466087,Q19751985,ALUMNI
Q2581141,Q7894412,ALUMNI
Q12470928,Q6177417,ALUMNI
Q12470928,Q12510274,ALUMNI
Q16164136,Q350752,ALUMNI
Q110103165,Q7442749,ALUMNI
Q12470931,Q1026836,ALUMNI
Q12470931,Q1087492,ALUMNI
Q12470931,Q3181122,ALUMNI
Q12470931,Q7476068,ALUMNI
Q12470931,Q8022149,ALUMNI
Q7805962,Q13371,ALUMNI
Q7805962,Q1465303,ALUMNI
Q7805962,Q7686944,ALUMNI
Q17410358,Q1336952,ALUMNI
Q17410358,Q12486653,ALUMNI
Q17410358,Q12511291,ALUMNI
Q25468507,Q3181122,ALUMNI
Q3498269,Q534515,ALUMNI
Q12470932,Q2306715,ALUMNI
Q19942252,Q17997867,ALUMNI
Q61119292,Q12471192,ALUMNI
Q19723758,Q10862512,ALUMNI
Q16164293,Q534515,ALUMNI
Q16164293,Q12523482,ALUMNI
Q72087658,Q7894418,ALUMNI
Q19723760,Q12523322,ALUMNI
Q10860255,Q7894412,ALUMNI
Q96988001,Q4200627,ALUMNI
Q96988001,Q12523351,ALUMNI
Q96988001,Q19739973,ALUMNI
Q61118691,Q7896000,ALUMNI
Q96989072,Q12523473,ALUMNI
Q18421250,Q534515,ALUMNI
Q18421250,Q4200627,ALUMNI
Q18421250,Q7894412,ALUMNI
Q18421250,Q12486647,ALUMNI
Q18421250,Q12510549,ALUMNI
Q18421250,Q12523282,ALUMNI
Q18421250,Q12708495,ALUMNI
Q18421250,Q20460957,ALUMNI
Q137896159,Q1145992,ALUMNI
Q49255433,Q1579397,ALUMNI
Q49255433,Q3181122,ALUMNI
Q49255433,Q12510348,ALUMNI
Q49255433,Q19739892,ALUMNI
Q132671021,Q1145992,ALUMNI
Q132671021,Q12510277,ALUMNI
Q132671021,Q121127078,ALUMNI
Q132671021,Q123774044,ALUMNI
Q16164615,Q1145992,ALUMNI
Q3745,Q10862378,ALUMNI
Q56398855,Q6482697,ALUMNI
Q12470959,Q7481592,ALUMNI
Q97308072,Q1494353,ALUMNI
Q16164694,Q1145992,ALUMNI
Q18421363,Q12523329,ALUMNI
Q96989473,Q25466592,ALUMNI
Q56511458,Q478044,ALUMNI
Q56511458,Q534515,ALUMNI
Q56511458,Q12510611,ALUMNI
Q12470965,Q1579397,ALUMNI
Q12470965,Q12486653,ALUMNI
Q16164725,Q12510187,ALUMNI
Q16164725,Q97572828,ALUMNI
Q16164725,Q125034542,ALUMNI
Q12470972,Q6026203,ALUMNI
Q4187362,Q6177417,ALUMNI
Q96989498,Q12523348,ALUMNI
Q65207982,Q12523349,ALUMNI
Q16164839,Q10862378,ALUMNI
Q16164901,Q7894412,ALUMNI
Q4200190,Q12523423,ALUMNI
Q16164986,Q534515,ALUMNI
Q16165013,Q3181122,ALUMNI
Q12471140,Q319078,ALUMNI
Q12471140,Q598841,ALUMNI
Q12471140,Q1145992,ALUMNI
Q12471148,Q350752,ALUMNI
Q12471148,Q12481560,ALUMNI
Q12471148,Q12523418,ALUMNI
Q16176699,Q7603607,ALUMNI
Q2581168,Q534515,ALUMNI
Q2581168,Q1824905,ALUMNI
Q2581168,Q12504954,ALUMNI
Q17410363,Q4200627,ALUMNI
Q25469243,Q4200341,ALUMNI
Q17410364,Q478044,ALUMNI
Q17997939,Q534515,ALUMNI
Q61119223,Q12523408,ALUMNI
Q61119223,Q123395170,ALUMNI
Q16165599,Q4200627,ALUMNI
Q12471431,Q534515,ALUMNI
Q12471431,Q12523355,ALUMNI
Q17410367,Q1579397,ALUMNI
Q12471444,Q12523487,ALUMNI
Q19723853,Q12523322,ALUMNI
Q19723853,Q12523440,ALUMNI
Q19723853,Q19734560,ALUMNI
Q19723853,Q101259110,ALUMNI
Q19723853,Q109330029,ALUMNI
Q4717563,Q2308020,ALUMNI
Q4717563,Q4250926,ALUMNI
Q4717563,Q57947176,ALUMNI
Q12682432,Q156598,ALUMNI
Q20278341,Q7896071,ALUMNI
Q85988606,Q19751985,ALUMNI
Q97590588,Q534515,ALUMNI
Q108895248,Q17997867,ALUMNI
Q96987310,Q12523344,ALUMNI
Q957483,Q534515,ALUMNI
Q50827553,Q12506153,ALUMNI
Q50827553,Q12523349,ALUMNI
Q40168296,Q478044,ALUMNI
Q109563968,Q19745903,ALUMNI
Q12471487,Q534515,ALUMNI
Q12471487,Q1145992,ALUMNI
Q12471486,Q534515,ALUMNI
Q12471489,Q4200627,ALUMNI
Q16166068,Q7603634,ALUMNI
Q16166068,Q12486667,ALUMNI
Q2669326,Q156598,ALUMNI
Q96989495,Q3181122,ALUMNI
Q96989495,Q7686915,ALUMNI
Q96989495,Q12523390,ALUMNI
Q17997991,Q4200341,ALUMNI
Q17997991,Q12523313,ALUMNI
Q17997991,Q64828459,ALUMNI
Q17997991,Q97572803,ALUMNI
Q13091528,Q168756,ALUMNI
Q13091528,Q534515,ALUMNI
Q17997992,Q280361,ALUMNI
Q96987623,Q12486647,ALUMNI
Q96988727,Q12523290,ALUMNI
Q17410558,Q4200297,ALUMNI
Q16162627,Q1579397,ALUMNI
Q16162627,Q6482697,ALUMNI
Q12471516,Q12523322,ALUMNI
Q12471516,Q12523366,ALUMNI
Q12471516,Q97596283,ALUMNI
Q16166149,Q280361,ALUMNI
Q16166149,Q123387291,ALUMNI
Q96989608,Q478044,ALUMNI
Q97455331,Q14091635,ALUMNI
Q109438095,Q12523364,ALUMNI
Q4738167,Q4763600,ALUMNI
Q2840640,Q13371,ALUMNI
Q2840640,Q173959,ALUMNI
Q2840640,Q1420239,ALUMNI
Q131351990,Q6177417,ALUMNI
Q109441306,Q10862512,ALUMNI
Q97590785,Q350752,ALUMNI
Q97590785,Q67179948,ALUMNI
Q19723890,Q7894418,ALUMNI
Q28485094,Q478044,ALUMNI
Q25470369,Q12510632,ALUMNI
Q56399007,Q534515,ALUMNI
Q2202270,Q131252,ALUMNI
Q2202270,Q173959,ALUMNI
Q2202270,Q178848,ALUMNI
Q2202270,Q432637,ALUMNI
Q2202270,Q1145992,ALUMNI
Q96989142,Q13098258,ALUMNI
Q97590783,Q12523366,ALUMNI
Q109442916,Q12523418,ALUMNI
Q56416843,Q3958218,ALUMNI
Q105478117,Q12523376,ALUMNI
Q4252072,Q10862512,ALUMNI
Q1810083,Q57046996,ALUMNI
Q17998069,Q12523349,ALUMNI
Q96989441,Q25455566,ALUMNI
Q20741989,Q478044,ALUMNI
Q97590811,Q534515,ALUMNI
Q97590811,Q4200627,ALUMNI
Q97590811,Q12510413,ALUMNI
Q97590823,Q7408055,ALUMNI
Q25469672,Q12522872,ALUMNI
Q109563835,Q7894421,ALUMNI
Q109563835,Q12523331,ALUMNI
Q109563835,Q12712165,ALUMNI
Q106648138,Q109921919,ALUMNI
Q106648138,Q123806109,ALUMNI
Q25462880,Q4200341,ALUMNI
Q25466935,Q7322177,ALUMNI
Q16166850,Q1896627,ALUMNI
Q4273018,Q12511013,ALUMNI
Q4273018,Q19752881,ALUMNI
Q4273018,Q124205630,ALUMNI
Q12471972,Q4250926,ALUMNI
Q85988706,Q7894412,ALUMNI
Q96989184,Q12495724,ALUMNI
Q96989184,Q12523349,ALUMNI
Q96989184,Q97608144,ALUMNI
Q486470,Q1145992,ALUMNI
Q97590763,Q7894421,ALUMNI
Q97590763,Q12523435,ALUMNI
Q97590763,Q74433095,ALUMNI
Q25466456,Q19751985,ALUMNI
Q96988684,Q4200341,ALUMNI
Q60538759,Q1145992,ALUMNI
Q138078373,Q478044,ALUMNI
Q138078373,Q1336952,ALUMNI
Q133832443,Q478044,ALUMNI
Q131808527,Q97570586,ALUMNI
Q97307382,Q478044,ALUMNI
Q109564170,Q478044,ALUMNI
Q11093005,Q1145992,ALUMNI
Q109564173,Q12523348,ALUMNI
Q12472022,Q7590080,ALUMNI
Q12472022,Q97577635,ALUMNI
Q125150845,Q19751985,ALUMNI
Q97590771,Q478044,ALUMNI
Q97590771,Q97570581,ALUMNI
Q31174043,Q6482697,ALUMNI
Q31174043,Q12522872,ALUMNI
Q31174043,Q12712165,ALUMNI
Q109438318,Q478044,ALUMNI
Q109434322,Q12523371,ALUMNI
Q20278351,Q534515,ALUMNI
Q109564004,Q12523285,ALUMNI
Q123245319,Q350752,ALUMNI
Q123245319,Q4200627,ALUMNI
Q132307457,Q12523408,ALUMNI
Q96987676,Q478044,ALUMNI
Q96987676,Q19734784,ALUMNI
Q123667774,Q598841,ALUMNI
Q123667774,Q4250926,ALUMNI
Q49252587,Q478044,ALUMNI
Q85988747,Q10862512,ALUMNI
Q97590821,Q478044,ALUMNI
Q97590821,Q12510611,ALUMNI
Q19745525,Q534515,ALUMNI
Q96989505,Q2306715,ALUMNI
Q16167068,Q598841,ALUMNI
Q16167068,Q5287796,ALUMNI
Q16167068,Q7476068,ALUMNI
Q16167068,Q12511196,ALUMNI
Q85988763,Q534515,ALUMNI
Q85988763,Q1145992,ALUMNI
Q85988763,Q12510550,ALUMNI
Q85988763,Q12510953,ALUMNI
Q12472050,Q4250926,ALUMNI
Q12472050,Q12510519,ALUMNI
Q12472050,Q77299396,ALUMNI
Q19751269,Q14091635,ALUMNI
Q109441109,Q3130435,ALUMNI
Q109726757,Q14091635,ALUMNI
Q16167160,Q1579397,ALUMNI
Q16167160,Q7452397,ALUMNI
Q72242032,Q734764,ALUMNI
Q72242032,Q1145731,ALUMNI
Q13091583,Q2308020,ALUMNI
Q117254176,Q534515,ALUMNI
Q117254176,Q12523324,ALUMNI
Q56415851,Q4250919,ALUMNI
Q12472112,Q49117,ALUMNI
Q12472112,Q1145992,ALUMNI
Q4263230,Q503415,ALUMNI
Q4263230,Q1145992,ALUMNI
Q4263230,Q1191344,ALUMNI
Q4263230,Q7895699,ALUMNI
Q109438098,Q18941968,ALUMNI
Q96989115,Q534515,ALUMNI
Q96989115,Q1494353,ALUMNI
Q96989115,Q12511105,ALUMNI
Q96989115,Q28725217,ALUMNI
Q12472171,Q10862378,ALUMNI
Q123219135,Q12523344,ALUMNI
Q123219135,Q109913939,ALUMNI
Q96989595,Q6124490,ALUMNI
Q97590560,Q4250926,ALUMNI
Q97590560,Q12523307,ALUMNI
Q97590560,Q12712165,ALUMNI
Q15939327,Q7603634,ALUMNI
Q132672765,Q49088,ALUMNI
Q132672765,Q534515,ALUMNI
Q132672765,Q7391101,ALUMNI
Q132672765,Q123770835,ALUMNI
Q14917292,Q2306715,ALUMNI
Q12472229,Q1351317,ALUMNI
Q4771059,Q4200297,ALUMNI
Q105270396,Q1847733,ALUMNI
Q4775650,Q1432632,ALUMNI
Q4775650,Q2306715,ALUMNI
Q19723955,Q17997867,ALUMNI
Q96989547,Q969850,ALUMNI
Q96989547,Q12523366,ALUMNI
Q56392458,Q12523469,ALUMNI
Q12472274,Q534515,ALUMNI
Q12472274,Q17997530,ALUMNI
Q12472274,Q64888980,ALUMNI
Q12472274,Q112590962,ALUMNI
Q19723958,Q12523288,ALUMNI
Q96989166,Q19744757,ALUMNI
Q120203772,Q1494353,ALUMNI
Q120221124,Q31173528,ALUMNI
Q25467241,Q7322177,ALUMNI
Q28485065,Q12523368,ALUMNI
Q28485065,Q19734894,ALUMNI
Q96989443,Q56394483,ALUMNI
Q26236894,Q49212,ALUMNI
Q26236894,Q1579397,ALUMNI
Q26236894,Q12510519,ALUMNI
Q26236894,Q109062183,ALUMNI
Q96987556,Q534515,ALUMNI
Q61119085,Q1145731,ALUMNI
Q109431878,Q4250926,ALUMNI
Q109431878,Q25471072,ALUMNI
Q97590547,Q12523330,ALUMNI
Q16167910,Q1145992,ALUMNI
Q4790355,Q13371,ALUMNI
Q4790355,Q534515,ALUMNI
Q4790355,Q1824905,ALUMNI
Q28485097,Q350752,ALUMNI
Q16168022,Q534515,ALUMNI
Q109439659,Q534515,ALUMNI
Q109439659,Q7603641,ALUMNI
Q109439659,Q12523315,ALUMNI
Q12472451,Q1247544,ALUMNI
Q12472451,Q3181122,ALUMNI
Q12472451,Q64575258,ALUMNI
Q138912983,Q10862512,ALUMNI
Q18421253,Q534515,ALUMNI
Q18421253,Q2306715,ALUMNI
Q12472457,Q534515,ALUMNI
Q107417842,Q3181122,ALUMNI
Q12472461,Q1579397,ALUMNI
Q12472459,Q12712165,ALUMNI
Q129808744,Q4259201,ALUMNI
Q123715120,Q123454290,ALUMNI
Q120202799,Q19751985,ALUMNI
Q138501917,Q3130435,ALUMNI
Q61119194,Q19744761,ALUMNI
Q28731742,Q534515,ALUMNI
Q28731742,Q1353139,ALUMNI
Q28731742,Q19741356,ALUMNI
Q16168205,Q3443498,ALUMNI
Q16168205,Q7442749,ALUMNI
Q16168205,Q12510277,ALUMNI
Q16168205,Q19748156,ALUMNI
Q16168205,Q123774216,ALUMNI
Q56389995,Q534515,ALUMNI
Q56389995,Q4250926,ALUMNI
Q16168287,Q7896055,ALUMNI
Q97590556,Q12523348,ALUMNI
Q96988307,Q56400170,ALUMNI
Q96988815,Q1896627,ALUMNI
Q96988815,Q12510627,ALUMNI
Q96988815,Q19739811,ALUMNI
Q96988815,Q19752729,ALUMNI
Q59656271,Q458393,ALUMNI
Q59656271,Q1059517,ALUMNI
Q12472588,Q7894418,ALUMNI
Q12472588,Q12510656,ALUMNI
Q25466209,Q12523349,ALUMNI
Q97590601,Q1180978,ALUMNI
Q97590601,Q4250926,ALUMNI
Q136235960,Q19744837,ALUMNI
Q136235960,Q109921869,ALUMNI
Q109564299,Q12522872,ALUMNI
Q17998386,Q4200627,ALUMNI
Q49251416,Q4200297,ALUMNI
Q12472657,Q280361,ALUMNI
Q12472657,Q1494353,ALUMNI
Q12472657,Q12523322,ALUMNI
Q16168725,Q19734560,ALUMNI
Q16168725,Q19744761,ALUMNI
Q16168725,Q109330029,ALUMNI
Q16168742,Q10862512,ALUMNI
Q123870984,Q16182620,ALUMNI
Q12472703,Q3213529,ALUMNI
Q12472703,Q123814737,ALUMNI
Q16168780,Q7894421,ALUMNI
Q16168780,Q12471190,ALUMNI
Q112601372,Q12510368,ALUMNI
Q112601372,Q19751985,ALUMNI
Q112601372,Q121119286,ALUMNI
Q112601372,Q121127078,ALUMNI
Q12472734,Q153006,ALUMNI
Q12472734,Q168426,ALUMNI
Q25462903,Q4200341,ALUMNI
Q96989450,Q1847733,ALUMNI
Q96989450,Q3267815,ALUMNI
Q96989450,Q12509746,ALUMNI
Q96989450,Q12523309,ALUMNI
Q96989450,Q12523487,ALUMNI
Q96989450,Q12707341,ALUMNI
Q25466593,Q4027436,ALUMNI
Q138314729,Q7603611,ALUMNI
Q138314729,Q19744798,ALUMNI
Q97306763,Q280361,ALUMNI
Q97306763,Q422208,ALUMNI
Q97306763,Q478044,ALUMNI
Q97306763,Q1145992,ALUMNI
Q97306763,Q2306715,ALUMNI
Q97306763,Q14933548,ALUMNI
Q97306763,Q125034004,ALUMNI
Q135013426,Q478044,ALUMNI
Q136419011,Q280361,ALUMNI
Q136419011,Q19751985,ALUMNI
Q25468031,Q19751985,ALUMNI
Q4829801,Q534515,ALUMNI
Q97590604,Q12523281,ALUMNI
Q31174107,Q7322177,ALUMNI
Q12472914,Q3181122,ALUMNI
Q97592875,Q4250919,ALUMNI
Q97592875,Q64887949,ALUMNI
Q136538461,Q1145992,ALUMNI
Q97590789,Q7452397,ALUMNI
Q97590708,Q534515,ALUMNI
Q97590708,Q12712165,ALUMNI
Q12472974,Q12486122,ALUMNI
Q109563751,Q478044,ALUMNI
Q109563751,Q97570586,ALUMNI
Q109434697,Q97570581,ALUMNI
Q16169248,Q1141452,ALUMNI
Q16169248,Q3181122,ALUMNI
Q16169248,Q4250926,ALUMNI
Q16169248,Q12511162,ALUMNI
Q16169248,Q12523366,ALUMNI
Q12472980,Q12471190,ALUMNI
Q4833145,Q1579397,ALUMNI
Q4833142,Q1579397,ALUMNI
Q76156,Q273263,ALUMNI
Q76156,Q1579397,ALUMNI
Q4838920,Q168426,ALUMNI
Q4838920,Q273263,ALUMNI
Q4838920,Q3181122,ALUMNI
Q4838920,Q12510986,ALUMNI
Q109438091,Q47927,ALUMNI
Q124794481,Q2306715,ALUMNI
Q124794481,Q7894418,ALUMNI
Q4842524,Q1934491,ALUMNI
Q97590799,Q478044,ALUMNI
Q97590799,Q1494353,ALUMNI
Q49252545,Q19744816,ALUMNI
Q97590710,Q1145992,ALUMNI
Q97590710,Q17997518,ALUMNI
Q16169810,Q457281,ALUMNI
Q16169810,Q534515,ALUMNI
Q16169836,Q18941968,ALUMNI
Q123346111,Q19732714,ALUMNI
Q96988701,Q12523284,ALUMNI
Q109563941,Q7686915,ALUMNI
Q97590756,Q6177417,ALUMNI
Q97590756,Q7442749,ALUMNI
Q97590756,Q12523466,ALUMNI
Q18421409,Q534515,ALUMNI
Q12473894,Q7894421,ALUMNI
Q12473894,Q12510217,ALUMNI
Q11120678,Q1136829,ALUMNI
Q11120678,Q1145992,ALUMNI
Q11120678,Q1191202,ALUMNI
Q11120678,Q1360303,ALUMNI
Q11120678,Q19748105,ALUMNI
Q97590724,Q4250926,ALUMNI
Q97590724,Q17997518,ALUMNI
Q16170072,Q1145992,ALUMNI
Q12474142,Q19732654,ALUMNI
Q17410431,Q12471193,ALUMNI
Q3701615,Q4250926,ALUMNI
Q3701615,Q23807281,ALUMNI
Q25465730,Q1145992,ALUMNI
Q4886112,Q1145992,ALUMNI
Q12475663,Q534515,ALUMNI
Q25465756,Q1336952,ALUMNI
Q114285696,Q280361,ALUMNI
Q114285696,Q12510575,ALUMNI
Q114285696,Q109913064,ALUMNI
Q114285696,Q116844713,ALUMNI
Q114285696,Q123774214,ALUMNI
Q109434299,Q19751985,ALUMNI
Q109434299,Q76402712,ALUMNI
Q109434299,Q123774014,ALUMNI
Q132822994,Q1145992,ALUMNI
Q132822994,Q12510320,ALUMNI
Q16180049,Q534515,ALUMNI
Q16180049,Q1336952,ALUMNI
Q109450394,Q7408055,ALUMNI
Q109450394,Q31781597,ALUMNI
Q109450394,Q123389706,ALUMNI
Q109450394,Q123792449,ALUMNI
Q109450394,Q124183367,ALUMNI
Q16170745,Q7603634,ALUMNI
Q16170833,Q1896627,ALUMNI
Q123269180,Q12523297,ALUMNI
Q19724332,Q280361,ALUMNI
Q4261769,Q7603641,ALUMNI
Q4904525,Q613736,ALUMNI
Q4904525,Q7391421,ALUMNI
Q17410438,Q14091635,ALUMNI
Q108894075,Q1145992,ALUMNI
Q96987689,Q97200009,ALUMNI
Q109563938,Q1100801,ALUMNI
Q109563938,Q4250926,ALUMNI
Q109563938,Q12510564,ALUMNI
Q109563938,Q12510927,ALUMNI
Q109563938,Q99088852,ALUMNI
Q12476725,Q209842,ALUMNI
Q12476725,Q534515,ALUMNI
Q12476886,Q2306715,ALUMNI
Q14262152,Q1145992,ALUMNI
Q25467301,Q4200627,ALUMNI
Q56416574,Q7683446,ALUMNI
Q25461822,Q7452397,ALUMNI
Q96988360,Q2306715,ALUMNI
Q53870701,Q12523366,ALUMNI
Q12477378,Q19744837,ALUMNI
Q65209610,Q1095773,ALUMNI
Q65209610,Q4892294,ALUMNI
Q28723650,Q1145992,ALUMNI
Q28723650,Q12511036,ALUMNI
Q28723650,Q57947176,ALUMNI
Q16171590,Q1145992,ALUMNI
Q17410452,Q534515,ALUMNI
Q17410452,Q12523284,ALUMNI
Q97590807,Q1579397,ALUMNI
Q97590807,Q12510564,ALUMNI
Q97590593,Q1579397,ALUMNI
Q4985101,Q35794,ALUMNI
Q4985101,Q170027,ALUMNI
Q4985101,Q220144,ALUMNI
Q4985101,Q762068,ALUMNI
Q4985101,Q1145992,ALUMNI
Q4985101,Q12511001,ALUMNI
Q105431322,Q319078,ALUMNI
Q105431322,Q681025,ALUMNI
Q105431322,Q3958218,ALUMNI
Q96989135,Q1141959,ALUMNI
Q120203017,Q1573634,ALUMNI
Q12478006,Q1145992,ALUMNI
Q2669297,Q1145992,ALUMNI
Q16171755,Q12523355,ALUMNI
Q97590613,Q4745400,ALUMNI
Q97590613,Q12523455,ALUMNI
Q97590613,Q28950106,ALUMNI
Q97590613,Q109911108,ALUMNI
Q109437819,Q319078,ALUMNI
Q109437819,Q1145992,ALUMNI
Q109437819,Q19748156,ALUMNI
Q109437281,Q12523371,ALUMNI
Q106878534,Q3181122,ALUMNI
Q106878534,Q3213529,ALUMNI
Q12478452,Q5287796,ALUMNI
Q12478452,Q6754778,ALUMNI
Q12478452,Q7553485,ALUMNI
Q123726157,Q12510366,ALUMNI
Q123726157,Q12523294,ALUMNI
Q123726157,Q19746602,ALUMNI
Q5068118,Q1890262,ALUMNI
Q5068118,Q19727928,ALUMNI
Q5068118,Q19752649,ALUMNI
Q16172225,Q534515,ALUMNI
Q16172225,Q19735092,ALUMNI
Q18098280,Q1141728,ALUMNI
Q18098280,Q5108805,ALUMNI
Q18098280,Q7161482,ALUMNI
Q97590733,Q7894412,ALUMNI
Q25471350,Q1336952,ALUMNI
Q97596290,Q350752,ALUMNI
Q97596290,Q12510337,ALUMNI
Q65210443,Q1145992,ALUMNI
Q2751708,Q156598,ALUMNI
Q16172493,Q10862512,ALUMNI
Q12478651,Q7683446,ALUMNI
Q16172501,Q7408055,ALUMNI
Q16172501,Q97598818,ALUMNI
Q96988349,Q534515,ALUMNI
Q96988349,Q2308020,ALUMNI
Q96988349,Q12511291,ALUMNI
Q17410467,Q534515,ALUMNI
Q25468524,Q7894418,ALUMNI
Q123715087,Q280361,ALUMNI
Q123715087,Q19734560,ALUMNI
Q123715087,Q125033030,ALUMNI
Q10860424,Q74555374,ALUMNI
Q2098951,Q1336952,ALUMNI
Q5173975,Q534515,ALUMNI
Q109564135,Q12486639,ALUMNI
Q109564135,Q97577578,ALUMNI
Q5207888,Q7391096,ALUMNI
Q97590853,Q12523415,ALUMNI
Q106878521,Q4250926,ALUMNI
Q106878521,Q19744804,ALUMNI
Q109436602,Q18627429,ALUMNI
Q25470598,Q97570484,ALUMNI
Q25470598,Q97598446,ALUMNI
Q25463766,Q12523432,ALUMNI
Q4252078,Q12486124,ALUMNI
Q25469488,Q7603634,ALUMNI
Q25469488,Q12510382,ALUMNI
Q25469488,Q19751985,ALUMNI
Q25469488,Q123813551,ALUMNI
Q109432836,Q12511308,ALUMNI
Q109432836,Q109432842,ALUMNI
Q12480793,Q19748156,ALUMNI
Q12480859,Q12523349,ALUMNI
Q96987329,Q7686915,ALUMNI
Q97591315,Q336264,ALUMNI
Q96988373,Q350752,ALUMNI
Q97193875,Q12523386,ALUMNI
Q17410934,Q478044,ALUMNI
Q75078039,Q12501424,ALUMNI
Q12480924,Q10862512,ALUMNI
Q12480924,Q12510519,ALUMNI
Q97307268,Q17997867,ALUMNI
Q25466103,Q49212,ALUMNI
Q131929425,Q12486657,ALUMNI
Q49253756,Q503424,ALUMNI
Q49253756,Q1579397,ALUMNI
Q25467965,Q12471192,ALUMNI
Q123219224,Q1145992,ALUMNI
Q123219224,Q4200341,ALUMNI
Q16173885,Q12523355,ALUMNI
Q4258761,Q534515,ALUMNI
Q16173957,Q1579397,ALUMNI
Q16173957,Q12712165,ALUMNI
Q109433944,Q478044,ALUMNI
Q109433944,Q1444125,ALUMNI
Q109433944,Q12522872,ALUMNI
Q109433944,Q12523343,ALUMNI
Q109861754,Q534515,ALUMNI
Q109438273,Q534515,ALUMNI
Q109438273,Q12510519,ALUMNI
Q109438273,Q123774084,ALUMNI
Q16173966,Q12510366,ALUMNI
Q16173966,Q109330048,ALUMNI
Q12481017,Q156598,ALUMNI
Q12481017,Q2190504,ALUMNI
Q12481017,Q7428928,ALUMNI
Q12481017,Q58667835,ALUMNI
Q96988377,Q534515,ALUMNI
Q96988377,Q1026939,ALUMNI
Q12481041,Q4250926,ALUMNI
Q12481041,Q12510564,ALUMNI
Q12481041,Q12523423,ALUMNI
Q12481041,Q97223044,ALUMNI
Q109434348,Q12523429,ALUMNI
Q115491430,Q19744761,ALUMNI
Q96988018,Q4200627,ALUMNI
Q5249748,Q3181122,ALUMNI
Q5249748,Q4250926,ALUMNI
Q5249748,Q12510656,ALUMNI
Q5249748,Q12523390,ALUMNI
Q5249748,Q97596489,ALUMNI
Q25466623,Q1579397,ALUMNI
Q123219186,Q12523470,ALUMNI
Q97216276,Q1579397,ALUMNI
Q97590713,Q12510939,ALUMNI
Q97590713,Q13098212,ALUMNI
Q12481143,Q3181122,ALUMNI
Q18421425,Q12523291,ALUMNI
Q18421425,Q19744816,ALUMNI
Q5253899,Q49115,ALUMNI
Q5253899,Q2190504,ALUMNI
Q5253899,Q7428928,ALUMNI
Q5253899,Q7894418,ALUMNI
Q109450544,Q12510700,ALUMNI
Q96988733,Q16182620,ALUMNI
Q92477336,Q1145992,ALUMNI
Q120221481,Q1494353,ALUMNI
Q12481262,Q1145992,ALUMNI
Q16174247,Q12712165,ALUMNI
Q97237769,Q4200627,ALUMNI
Q108889220,Q7894412,ALUMNI
Q19725321,Q12471192,ALUMNI
Q17410478,Q1896627,ALUMNI
Q25463297,Q12712165,ALUMNI
Q25463297,Q109912135,ALUMNI
Q85990660,Q49115,ALUMNI
Q85990660,Q534515,ALUMNI
Q4264877,Q534515,ALUMNI
Q4264877,Q2308020,ALUMNI
Q109437801,Q598841,ALUMNI
Q5268013,Q1145992,ALUMNI
Q56399768,Q12523284,ALUMNI
Q56399768,Q12712165,ALUMNI
Q17410481,Q1494353,ALUMNI
Q123337918,Q534515,ALUMNI
Q123337918,Q3181122,ALUMNI
Q123337918,Q20448866,ALUMNI
Q96989465,Q534515,ALUMNI
Q96989465,Q2306715,ALUMNI
Q97496510,Q2983676,ALUMNI
Q97496510,Q3181122,ALUMNI
Q97496510,Q7308519,ALUMNI
Q97496510,Q14091635,ALUMNI
Q17410733,Q534515,ALUMNI
Q17410733,Q866012,ALUMNI
Q98080793,Q7895720,ALUMNI
Q16174665,Q10862512,ALUMNI
Q97239536,Q1848657,ALUMNI
Q109434213,Q47927,ALUMNI
Q17410978,Q2306715,ALUMNI
Q65204331,Q534515,ALUMNI
Q96987326,Q7896370,ALUMNI
Q3032168,Q534515,ALUMNI
Q65208154,Q534515,ALUMNI
Q17410493,Q2983676,ALUMNI
Q26836431,Q7428928,ALUMNI
Q26836431,Q12501424,ALUMNI
Q17410414,Q12523302,ALUMNI
Q5285224,Q7686915,ALUMNI
Q19745886,Q1145992,ALUMNI
Q97590606,Q7408055,ALUMNI
Q2670453,Q1579397,ALUMNI
Q11196055,Q12523348,ALUMNI
Q12481747,Q19752649,ALUMNI
Q19725424,Q7895720,ALUMNI
Q5285364,Q4200341,ALUMNI
Q16175030,Q1145992,ALUMNI
Q16175030,Q12523307,ALUMNI
Q97590856,Q890928,ALUMNI
Q97590856,Q1336952,ALUMNI
Q97590856,Q12510486,ALUMNI
Q97590856,Q12523454,ALUMNI
Q97590856,Q19745903,ALUMNI
Q97590856,Q97941611,ALUMNI
Q12481755,Q12510277,ALUMNI
Q12481755,Q97570581,ALUMNI
Q12481755,Q123774213,ALUMNI
Q16175079,Q1145992,ALUMNI
Q11200778,Q4250926,ALUMNI
Q25468888,Q574606,ALUMNI
Q96988006,Q1579397,ALUMNI
Q105764924,Q4200341,ALUMNI
Q12481846,Q1494353,ALUMNI
Q12481863,Q4200627,ALUMNI
Q85990777,Q12471192,ALUMNI
Q137194617,Q951305,ALUMNI
Q137194617,Q4250926,ALUMNI
Q137194617,Q6514349,ALUMNI
Q17306400,Q12510497,ALUMNI
Q17306400,Q12513120,ALUMNI
Q17306400,Q97572685,ALUMNI
Q61367471,Q3181122,ALUMNI
Q61367471,Q12510430,ALUMNI
Q61367471,Q97591568,ALUMNI
Q96987989,Q4250926,ALUMNI
Q5298156,Q168756,ALUMNI
Q5298156,Q534515,ALUMNI
Q49251389,Q3181122,ALUMNI
Q18421389,Q1336952,ALUMNI
Q18421389,Q1494353,ALUMNI
Q18421389,Q74546091,ALUMNI
Q16175234,Q2306715,ALUMNI
Q96986924,Q64870303,ALUMNI
Q96986931,Q12486124,ALUMNI
Q12482134,Q10862512,ALUMNI
Q107563597,Q12522857,ALUMNI
Q97590780,Q1145497,ALUMNI
Q97590780,Q64575367,ALUMNI
Q56399273,Q1145992,ALUMNI
Q56399273,Q19749142,ALUMNI
Q101244735,Q12712165,ALUMNI
Q97590707,Q19741356,ALUMNI
Q109564126,Q6482697,ALUMNI
Q96988678,Q230899,ALUMNI
Q13092889,Q7894421,ALUMNI
Q13092889,Q10862512,ALUMNI
Q138781365,Q10862512,ALUMNI
Q97204470,Q12486657,ALUMNI
Q12482274,Q4200297,ALUMNI
Q12482274,Q57947176,ALUMNI
Q25460903,Q534515,ALUMNI
Q7806029,Q721064,ALUMNI
Q7806029,Q1145497,ALUMNI
Q7806029,Q12510550,ALUMNI
Q7806029,Q12708504,ALUMNI
Q72086432,Q600107,ALUMNI
Q72086432,Q12523440,ALUMNI
Q25466054,Q17997867,ALUMNI
Q25462083,Q31173528,ALUMNI
Q49255801,Q7683446,ALUMNI
Q1284477,Q10862512,ALUMNI
Q97590741,Q534515,ALUMNI
Q97590741,Q7896071,ALUMNI
Q109431101,Q97307370,ALUMNI
Q25462893,Q280361,ALUMNI
Q12482291,Q17997867,ALUMNI
Q49251727,Q10862512,ALUMNI
Q96987999,Q12523402,ALUMNI
Q12482308,Q3181122,ALUMNI
Q12482308,Q12511174,ALUMNI
Q12482308,Q12523355,ALUMNI
Q16175676,Q3181122,ALUMNI
Q65213999,Q12486653,ALUMNI
Q65213999,Q12523313,ALUMNI
Q138502066,Q12523390,ALUMNI
Q12482331,Q3181122,ALUMNI
Q97590714,Q478044,ALUMNI
Q107488620,Q12523307,ALUMNI
Q132131054,Q1145992,ALUMNI
Q12482340,Q534515,ALUMNI
Q11185376,Q12486647,ALUMNI
Q109443472,Q12523307,ALUMNI
Q109443472,Q12712165,ALUMNI
Q109443472,Q119465722,ALUMNI
Q109564144,Q12523348,ALUMNI
Q109564144,Q13098212,ALUMNI
Q107563913,Q12523366,ALUMNI
Q28724259,Q534515,ALUMNI
Q28724259,Q12510696,ALUMNI
Q28724259,Q15057698,ALUMNI
Q28724259,Q65452073,ALUMNI
Q28724259,Q107739279,ALUMNI
Q96987704,Q7894421,ALUMNI
Q12482416,Q2306715,ALUMNI
Q12482416,Q7603634,ALUMNI
Q96988693,Q7415523,ALUMNI
Q21828089,Q734764,ALUMNI
Q21828089,Q1133142,ALUMNI
Q98115336,Q3213529,ALUMNI
Q98115336,Q7415523,ALUMNI
Q16176030,Q12481560,ALUMNI
Q16176030,Q109921406,ALUMNI
Q17410515,Q280361,ALUMNI
Q17410515,Q1579397,ALUMNI
Q17410515,Q19744761,ALUMNI
Q131354540,Q4200627,ALUMNI
Q131354540,Q12511308,ALUMNI
Q131354540,Q19752732,ALUMNI
Q123303696,Q12523466,ALUMNI
Q123303696,Q97581736,ALUMNI
Q469616,Q13371,ALUMNI
Q469616,Q534515,ALUMNI
Q469616,Q5676556,ALUMNI
Q96987536,Q4200627,ALUMNI
Q135550854,Q7894421,ALUMNI
Q123219206,Q2306715,ALUMNI
Q109564140,Q1145992,ALUMNI
Q19943079,Q534515,ALUMNI
Q56872154,Q4250926,ALUMNI
Q56872154,Q12707341,ALUMNI
Q56872154,Q12712165,ALUMNI
Q56872154,Q28725046,ALUMNI
Q49253917,Q7308519,ALUMNI
Q12482544,Q12506014,ALUMNI
Q12482544,Q12510322,ALUMNI
Q12482544,Q19745903,ALUMNI
Q104417591,Q7452397,ALUMNI
Q5388188,Q1568237,ALUMNI
Q5388188,Q5568357,ALUMNI
Q96987976,Q4250926,ALUMNI
Q65213524,Q12523382,ALUMNI
Q16176204,Q280361,ALUMNI
Q25471309,Q12523297,ALUMNI
Q97590794,Q7683446,ALUMNI
Q20278395,Q19749142,ALUMNI
Q11066107,Q534515,ALUMNI
Q12482565,Q1579397,ALUMNI
Q12482567,Q12523326,ALUMNI
Q5395350,Q54166,ALUMNI
Q25468230,Q3181122,ALUMNI
Q97590575,Q350752,ALUMNI
Q97590575,Q4200297,ALUMNI
Q97590575,Q12510547,ALUMNI
Q97590575,Q12511198,ALUMNI
Q25468911,Q19751985,ALUMNI
Q108889846,Q534515,ALUMNI
Q108889846,Q1055874,ALUMNI
Q108889846,Q1209685,ALUMNI
Q108889846,Q12510188,ALUMNI
Q109434207,Q12523487,ALUMNI
Q108889238,Q2308020,ALUMNI
Q96988769,Q11223593,ALUMNI
Q97590787,Q1145497,ALUMNI
Q97590787,Q19735187,ALUMNI
Q97590787,Q25462661,ALUMNI
Q16176436,Q534515,ALUMNI
Q16176436,Q1145992,ALUMNI
Q16176436,Q3181122,ALUMNI
Q25467048,Q12471192,ALUMNI
Q49251321,Q12471193,ALUMNI
Q20278412,Q3181122,ALUMNI
Q85991061,Q534515,ALUMNI
Q5429207,Q1145992,ALUMNI
Q5429207,Q1579397,ALUMNI
Q122346894,Q173959,ALUMNI
Q122346894,Q30632611,ALUMNI
Q122346894,Q123444875,ALUMNI
Q122346894,Q123768131,ALUMNI
Q122346894,Q125240694,ALUMNI
Q96988762,Q11223593,ALUMNI
Q12482697,Q534515,ALUMNI
Q12482697,Q1579397,ALUMNI
Q12482698,Q174570,ALUMNI
Q12482698,Q534515,ALUMNI
Q12482698,Q5658432,ALUMNI
Q61119100,Q615873,ALUMNI
Q31173047,Q12486122,ALUMNI
Q12482713,Q534515,ALUMNI
Q12482713,Q3181122,ALUMNI
Q132307730,Q1336952,ALUMNI
Q132307730,Q12486124,ALUMNI
Q132307730,Q43398922,ALUMNI
Q109438090,Q14917503,ALUMNI
Q16176642,Q534515,ALUMNI
Q49250615,Q1494353,ALUMNI
Q16176676,Q478044,ALUMNI
Q5431049,Q29052,ALUMNI
Q5431049,Q534515,ALUMNI
Q96986949,Q12513061,ALUMNI
Q16176737,Q1145992,ALUMNI
Q28724426,Q12510519,ALUMNI
Q25466063,Q189022,ALUMNI
Q25466063,Q534515,ALUMNI
Q109436658,Q1494353,ALUMNI
Q108893500,Q7452397,ALUMNI
Q97590837,Q12510564,ALUMNI
Q97590837,Q97570481,ALUMNI
Q97590861,Q1145992,ALUMNI
Q97590861,Q7452397,ALUMNI
Q127272497,Q173959,ALUMNI
Q16176817,Q534515,ALUMNI
Q109427431,Q2306715,ALUMNI
Q109427431,Q7603641,ALUMNI
Q18421358,Q17997867,ALUMNI
Q97590768,Q75639,ALUMNI
Q97590768,Q2306715,ALUMNI
Q468519,Q1579397,ALUMNI
Q97590842,Q12523355,ALUMNI
Q28723821,Q7895720,ALUMNI
Q96988744,Q534515,ALUMNI
Q96988744,Q2306715,ALUMNI
Q96988744,Q3181122,ALUMNI
Q96988744,Q123395567,ALUMNI
Q96988744,Q123771366,ALUMNI
Q96988744,Q123809140,ALUMNI
Q12482828,Q534515,ALUMNI
Q1392988,Q534515,ALUMNI
Q1392988,Q1824905,ALUMNI
Q12482832,Q534515,ALUMNI
Q12482832,Q4200627,ALUMNI
Q12482832,Q7391099,ALUMNI
Q12482832,Q56392794,ALUMNI
Q96988387,Q12523366,ALUMNI
Q96988387,Q12523435,ALUMNI
Q16177148,Q10862512,ALUMNI
Q97590864,Q12523352,ALUMNI
Q12482887,Q3181122,ALUMNI
Q56391300,Q534515,ALUMNI
Q112896202,Q19744798,ALUMNI
Q16177298,Q7894421,ALUMNI
Q97590611,Q3958218,ALUMNI
Q112897183,Q7408055,ALUMNI
Q97590850,Q6482697,ALUMNI
Q10860370,Q7896000,ALUMNI
Q4200601,Q12471192,ALUMNI
Q12483133,Q503415,ALUMNI
Q12483133,Q736674,ALUMNI
Q12483133,Q1145992,ALUMNI
Q12483133,Q19734661,ALUMNI
Q112896805,Q12523315,ALUMNI
Q97590599,Q1579397,ALUMNI
Q109435898,Q10862512,ALUMNI
Q12483474,Q1145992,ALUMNI
Q12483576,Q534515,ALUMNI
Q10859979,Q1579397,ALUMNI
Q96988673,Q12523484,ALUMNI
Q96988673,Q13098258,ALUMNI
Q12483605,Q534515,ALUMNI
Q56398866,Q12510207,ALUMNI
Q56398866,Q12523345,ALUMNI
Q56398866,Q62070209,ALUMNI
Q123046540,Q12523400,ALUMNI
Q18342893,Q6746666,ALUMNI
Q18342893,Q7100286,ALUMNI
Q96987996,Q4250926,ALUMNI
Q5562954,Q1301275,ALUMNI
Q5562954,Q1579397,ALUMNI
Q5562954,Q1824905,ALUMNI
Q97208587,Q4250926,ALUMNI
Q97208587,Q7322177,ALUMNI
Q56399362,Q534515,ALUMNI
Q5564287,Q7894421,ALUMNI
Q5564287,Q12523423,ALUMNI
Q5564287,Q19735212,ALUMNI
Q109437606,Q4250926,ALUMNI
Q109437606,Q7683446,ALUMNI
Q16178632,Q12486643,ALUMNI
Q137803090,Q534515,ALUMNI
Q4264069,Q1579397,ALUMNI
Q4264069,Q19732714,ALUMNI
Q31174037,Q12510348,ALUMNI
Q31174037,Q19739892,ALUMNI
Q31174037,Q97570549,ALUMNI
Q25463291,Q7603634,ALUMNI
Q96989458,Q12523349,ALUMNI
Q96989458,Q19744761,ALUMNI
Q96989458,Q109921406,ALUMNI
Q25470308,Q25457659,ALUMNI
Q16179094,Q1145992,ALUMNI
Q16179132,Q12523340,ALUMNI
Q7344813,Q4250926,ALUMNI
Q19943366,Q12471193,ALUMNI
Q16179224,Q534515,ALUMNI
Q5628011,Q49115,ALUMNI
Q5628011,Q5171560,ALUMNI
Q109442533,Q1141959,ALUMNI
Q7553490,Q1494353,ALUMNI
Q7553490,Q4200627,ALUMNI
Q7553490,Q7896370,ALUMNI
Q28724412,Q12471193,ALUMNI
Q85991292,Q534515,ALUMNI
Q56399011,Q478044,ALUMNI
Q97590559,Q1494353,ALUMNI
Q97590559,Q13098259,ALUMNI
Q97590559,Q97570359,ALUMNI
Q109440613,Q4208174,ALUMNI
Q12485056,Q1145992,ALUMNI
Q96989478,Q4854741,ALUMNI
Q96989478,Q97598324,ALUMNI
Q97590774,Q28950168,ALUMNI
Q16179502,Q350752,ALUMNI
Q12485153,Q478044,ALUMNI
Q12485153,Q3181122,ALUMNI
Q17410556,Q534515,ALUMNI
Q97590545,Q7894418,ALUMNI
Q76227,Q156598,ALUMNI
Q76227,Q57046996,ALUMNI
Q2669342,Q1145992,ALUMNI
Q16179258,Q1896627,ALUMNI
Q96988714,Q478044,ALUMNI
Q49255445,Q12522872,ALUMNI
Q49255445,Q12523349,ALUMNI
Q72845646,Q12486647,ALUMNI
Q72845646,Q19735212,ALUMNI
Q25466083,Q2306715,ALUMNI
Q97590551,Q4027436,ALUMNI
Q97590818,Q7896055,ALUMNI
Q107564265,Q1145992,ALUMNI
Q107564265,Q19739792,ALUMNI
Q96989463,Q12523355,ALUMNI
Q7347498,Q1145992,ALUMNI
Q16179892,Q1579397,ALUMNI
Q16179892,Q3181122,ALUMNI
Q24285806,Q12523282,ALUMNI
Q109437225,Q12471192,ALUMNI
Q12485293,Q10862512,ALUMNI
Q25463299,Q280361,ALUMNI
Q96987574,Q1579397,ALUMNI
Q12485356,Q861888,ALUMNI
Q12485357,Q1579397,ALUMNI
Q25464103,Q10862512,ALUMNI
Q1587648,Q1579397,ALUMNI
Q12485367,Q534515,ALUMNI
Q12485373,Q627969,ALUMNI
Q12485373,Q1041737,ALUMNI
Q16180238,Q28954262,ALUMNI
Q12485374,Q1579397,ALUMNI
Q25464083,Q13098259,ALUMNI
Q10860050,Q4200341,ALUMNI
Q12485387,Q1145992,ALUMNI
Q123714726,Q534515,ALUMNI
Q123714726,Q12486122,ALUMNI
Q123714726,Q123387671,ALUMNI
Q123714726,Q123772853,ALUMNI
Q123714726,Q124079002,ALUMNI
Q123714726,Q125240465,ALUMNI
Q732439,Q49088,ALUMNI
Q124366548,Q7322177,ALUMNI
Q120201972,Q3958218,ALUMNI
Q16180355,Q1896627,ALUMNI
Q5678668,Q3958218,ALUMNI
Q96988742,Q12523301,ALUMNI
Q123714940,Q12486657,ALUMNI
Q96989077,Q478044,ALUMNI
Q17410572,Q1180978,ALUMNI
Q17410572,Q1896627,ALUMNI
Q17410572,Q12510569,ALUMNI
Q12485416,Q4200341,ALUMNI
Q16162367,Q534515,ALUMNI
Q183581,Q49120,ALUMNI
Q183581,Q49122,ALUMNI
Q183581,Q213439,ALUMNI
Q183581,Q534515,ALUMNI
Q5680756,Q12506117,ALUMNI
Q5680756,Q14917501,ALUMNI
Q4201732,Q1579397,ALUMNI
Q49253567,Q19744816,ALUMNI
Q109433244,Q19749142,ALUMNI
Q16180524,Q3181122,ALUMNI
Q25466119,Q7481592,ALUMNI
Q12485528,Q12523315,ALUMNI
Q28724378,Q3181122,ALUMNI
Q5713108,Q10862512,ALUMNI
Q20278419,Q280361,ALUMNI
Q16180611,Q4200627,ALUMNI
Q17410575,Q833670,ALUMNI
Q17410575,Q1065414,ALUMNI
Q17410575,Q7426888,ALUMNI
Q96987679,Q7896071,ALUMNI
Q138469050,Q7322177,ALUMNI
Q138469050,Q12523347,ALUMNI
Q109436659,Q3918,ALUMNI
Q97590590,Q7896370,ALUMNI
Q97590590,Q12523302,ALUMNI
Q2311302,Q4200341,ALUMNI
Q25465772,Q350752,ALUMNI
Q65213473,Q7476068,ALUMNI
Q65213473,Q13200125,ALUMNI
Q65213473,Q31787633,ALUMNI
Q65213473,Q124200097,ALUMNI
Q16180831,Q49115,ALUMNI
Q16180831,Q168000,ALUMNI
Q16180831,Q1579397,ALUMNI
Q25467316,Q4200297,ALUMNI
Q123221617,Q5317233,ALUMNI
Q123152773,Q1444125,ALUMNI
Q123152773,Q12523349,ALUMNI
Q123152773,Q125914672,ALUMNI
Q6696761,Q1579397,ALUMNI
Q16180861,Q534515,ALUMNI
Q12485589,Q280361,ALUMNI
Q12485590,Q1579397,ALUMNI
Q19745880,Q12523297,ALUMNI
Q12485593,Q1145992,ALUMNI
Q12485593,Q1579397,ALUMNI
Q96989554,Q2306715,ALUMNI
Q96989554,Q4854741,ALUMNI
Q96989554,Q97596279,ALUMNI
Q19745402,Q7452397,ALUMNI
Q16181001,Q2306715,ALUMNI
Q16181001,Q97577617,ALUMNI
Q16181001,Q97577684,ALUMNI
Q109442849,Q1145992,ALUMNI
Q12485613,Q534515,ALUMNI
Q12485617,Q4200627,ALUMNI
Q109433796,Q12486643,ALUMNI
Q96988706,Q15575,ALUMNI
Q96988706,Q738236,ALUMNI
Q96988706,Q1579397,ALUMNI
Q96988706,Q12510564,ALUMNI
Q109439652,Q12523429,ALUMNI
Q108889240,Q534515,ALUMNI
Q49250658,Q12523473,ALUMNI
Q123870723,Q280361,ALUMNI
Q123870723,Q12510660,ALUMNI
Q123870723,Q12523322,ALUMNI
Q123870723,Q109332412,ALUMNI
Q123870723,Q117449250,ALUMNI
Q16181271,Q109919364,ALUMNI
Q16181271,Q123395804,ALUMNI
Q4115277,Q1141959,ALUMNI
Q4115277,Q12506117,ALUMNI
Q85991548,Q4200341,ALUMNI
Q15620237,Q1579397,ALUMNI
Q20278425,Q7894412,ALUMNI
Q96989068,Q1847733,ALUMNI
Q96987526,Q534515,ALUMNI
Q96987526,Q12523352,ALUMNI
Q85991574,Q10862512,ALUMNI
Q25470183,Q7408055,ALUMNI
Q97590598,Q1145992,ALUMNI
Q49250648,Q5643706,ALUMNI
Q25542579,Q156598,ALUMNI
Q25542579,Q1549932,ALUMNI
Q116867882,Q7896071,ALUMNI
Q16181764,Q12523371,ALUMNI
Q96988052,Q1573634,ALUMNI
Q109433779,Q1573634,ALUMNI
Q18421308,Q1336952,ALUMNI
Q25463339,Q1494353,ALUMNI
Q96988058,Q1517021,ALUMNI
Q96988058,Q12523434,ALUMNI
Q96988058,Q19734681,ALUMNI
Q72117992,Q1573634,ALUMNI
Q72117992,Q19735196,ALUMNI
Q72117992,Q28950140,ALUMNI
Q102984055,Q12523434,ALUMNI
Q109435992,Q12523434,ALUMNI
Q109564085,Q1573634,ALUMNI
Q1610713,Q17997867,ALUMNI
Q136788623,Q30294464,ALUMNI
Q96988049,Q12523455,ALUMNI
Q96988049,Q19746168,ALUMNI
Q107573616,Q1573634,ALUMNI
Q65209883,Q64879856,ALUMNI
Q65209883,Q64879864,ALUMNI
Q109432816,Q1573634,ALUMNI
Q54805204,Q1579397,ALUMNI
Q54805204,Q12712165,ALUMNI
Q96988056,Q1336952,ALUMNI
Q12486135,Q10862512,ALUMNI
Q17410591,Q7603634,ALUMNI
Q132662384,Q280361,ALUMNI
Q132662384,Q12510248,ALUMNI
Q132662384,Q25467218,ALUMNI
Q18421362,Q7603607,ALUMNI
Q123715014,Q534515,ALUMNI
Q123715014,Q7391101,ALUMNI
Q12486233,Q2392351,ALUMNI
Q12486233,Q7308519,ALUMNI
Q981536,Q19752649,ALUMNI
Q13637491,Q1575044,ALUMNI
Q5986944,Q1494353,ALUMNI
Q138496296,Q1573634,ALUMNI
Q97590765,Q28949971,ALUMNI
Q97590765,Q100418801,ALUMNI
Q97590765,Q100418860,ALUMNI
Q16731948,Q1573634,ALUMNI
Q17410595,Q12486124,ALUMNI
Q17410595,Q12523455,ALUMNI
Q17410595,Q31778737,ALUMNI
Q108890481,Q28950103,ALUMNI
Q109438104,Q28724699,ALUMNI
Q123290562,Q7442749,ALUMNI
Q123290562,Q12511211,ALUMNI
Q123290562,Q12513095,ALUMNI
Q6854752,Q12506117,ALUMNI
Q16182199,Q12510668,ALUMNI
Q85991649,Q17997867,ALUMNI
Q96988335,Q4250926,ALUMNI
Q96988335,Q12510229,ALUMNI
Q16773556,Q11223593,ALUMNI
Q138458282,Q31129606,ALUMNI
Q16182287,Q1073441,ALUMNI
Q16182287,Q1494353,ALUMNI
Q16182339,Q10862512,ALUMNI
Q96987692,Q866012,ALUMNI
Q96987692,Q7391101,ALUMNI
Q25463680,Q19751985,ALUMNI
Q109436661,Q1336952,ALUMNI
Q12486324,Q478044,ALUMNI
Q18342562,Q3181122,ALUMNI
Q18342562,Q12486124,ALUMNI
Q17410598,Q12523306,ALUMNI
Q17410598,Q12523309,ALUMNI
Q108895229,Q7896000,ALUMNI
Q16182848,Q12523289,ALUMNI
Q85991694,Q13098212,ALUMNI
Q96989100,Q4250926,ALUMNI
Q96989100,Q12510454,ALUMNI
Q16182937,Q12511053,ALUMNI
Q20426522,Q534515,ALUMNI
Q97590819,Q478044,ALUMNI
Q16183047,Q280361,ALUMNI
Q25469944,Q1579397,ALUMNI
Q16183063,Q1579397,ALUMNI
Q17410930,Q534515,ALUMNI
Q97307587,Q10862512,ALUMNI
Q97590583,Q1478723,ALUMNI
Q97590583,Q4250926,ALUMNI
Q105348151,Q4200341,ALUMNI
Q109430785,Q12511290,ALUMNI
Q97590736,Q1336952,ALUMNI
Q18421427,Q1579397,ALUMNI
Q25469561,Q3181122,ALUMNI
Q16187552,Q12486647,ALUMNI
Q109432794,Q6933777,ALUMNI
Q96989475,Q472316,ALUMNI
Q96989475,Q534515,ALUMNI
Q96989475,Q12707341,ALUMNI
Q16183334,Q12523347,ALUMNI
Q25468666,Q12510329,ALUMNI
Q109436592,Q280361,ALUMNI
Q17410604,Q16182620,ALUMNI
Q18421340,Q1494353,ALUMNI
Q108855892,Q534515,ALUMNI
Q108855892,Q3181122,ALUMNI
Q25469560,Q7894412,ALUMNI
Q138471143,Q1494353,ALUMNI
Q25468217,Q280361,ALUMNI
Q16183494,Q12510572,ALUMNI
Q16183494,Q12523355,ALUMNI
Q16183494,Q12523376,ALUMNI
Q12486770,Q3213529,ALUMNI
Q96972764,Q598841,ALUMNI
Q96972764,Q12510739,ALUMNI
Q96972764,Q14457713,ALUMNI
Q96972764,Q97598785,ALUMNI
Q96972764,Q97598818,ALUMNI
Q12486773,Q19752732,ALUMNI
Q12486773,Q28725046,ALUMNI
Q108889367,Q4250926,ALUMNI
Q25470630,Q64895246,ALUMNI
Q121492950,Q3958218,ALUMNI
Q121492950,Q12523376,ALUMNI
Q121492950,Q97577573,ALUMNI
Q25469477,Q12523323,ALUMNI
Q16183553,Q3273657,ALUMNI
Q16183553,Q7758687,ALUMNI
Q16183553,Q10862378,ALUMNI
Q16183553,Q72811494,ALUMNI
Q16183553,Q123766785,ALUMNI
Q16183567,Q47927,ALUMNI
Q105802786,Q3181122,ALUMNI
Q109436716,Q19745825,ALUMNI
Q16183621,Q280361,ALUMNI
Q4213590,Q534515,ALUMNI
Q4213590,Q1458579,ALUMNI
Q4213590,Q12510575,ALUMNI
Q4213590,Q19746602,ALUMNI
Q25468899,Q12523404,ALUMNI
Q4131627,Q861888,ALUMNI
Q16183649,Q12523443,ALUMNI
Q85991732,Q10862512,ALUMNI
Q16183705,Q3130435,ALUMNI
Q49254080,Q12523318,ALUMNI
Q12486797,Q173959,ALUMNI
Q97590836,Q12510648,ALUMNI
Q97590836,Q12523366,ALUMNI
Q97590576,Q534515,ALUMNI
Q97590576,Q4200297,ALUMNI
Q16183917,Q280361,ALUMNI
Q17411432,Q10862512,ALUMNI
Q3155770,Q534515,ALUMNI
Q97590578,Q534515,ALUMNI
Q25465872,Q4250926,ALUMNI
Q123304033,Q3213529,ALUMNI
Q123304033,Q12511196,ALUMNI
Q123304033,Q12523345,ALUMNI
Q123304033,Q19734594,ALUMNI
Q59656267,Q117876,ALUMNI
Q10975733,Q156598,ALUMNI
Q10975733,Q1144000,ALUMNI
Q19728112,Q12511116,ALUMNI
Q19728112,Q97570481,ALUMNI
Q16184069,Q12471190,ALUMNI
Q104174572,Q7428928,ALUMNI
Q11213335,Q168756,ALUMNI
Q11213335,Q534515,ALUMNI
Q98115354,Q7683446,ALUMNI
Q6183359,Q1145992,ALUMNI
Q6183359,Q3181122,ALUMNI
Q6124428,Q13371,ALUMNI
Q6124428,Q49126,ALUMNI
Q6124428,Q1474019,ALUMNI
Q6124428,Q1711558,ALUMNI
Q56393467,Q127990,ALUMNI
Q56393467,Q1136919,ALUMNI
Q56393467,Q3181122,ALUMNI
Q56393467,Q12522872,ALUMNI
Q97590825,Q4250926,ALUMNI
Q97590825,Q30294500,ALUMNI
Q138314999,Q12486659,ALUMNI
Q136008511,Q7408055,ALUMNI
Q25469771,Q534515,ALUMNI
Q137425676,Q534515,ALUMNI
Q137730944,Q7896055,ALUMNI
Q96987319,Q97223044,ALUMNI
Q65211779,Q1847733,ALUMNI
Q65211779,Q12523284,ALUMNI
Q65211779,Q12523434,ALUMNI
Q96987553,Q25630027,ALUMNI
Q109443461,Q173959,ALUMNI
Q109443461,Q97234922,ALUMNI
Q109443461,Q123766730,ALUMNI
Q4200552,Q534515,ALUMNI
Q4200552,Q1579397,ALUMNI
Q72242117,Q864450,ALUMNI
Q12487882,Q2306715,ALUMNI
Q120202137,Q534515,ALUMNI
Q120202137,Q12523305,ALUMNI
Q19737685,Q534515,ALUMNI
Q65213534,Q2308020,ALUMNI
Q2642883,Q1934491,ALUMNI
Q17410936,Q12471190,ALUMNI
Q19726971,Q14091635,ALUMNI
Q96989513,Q7408055,ALUMNI
Q72119052,Q2308020,ALUMNI
Q72119052,Q12513460,ALUMNI
Q97590828,Q7391097,ALUMNI
Q85991928,Q10862512,ALUMNI
Q3318231,Q1145992,ALUMNI
Q3318231,Q19739360,ALUMNI
Q17410633,Q1145992,ALUMNI
Q17410633,Q12523355,ALUMNI
Q17410633,Q19735191,ALUMNI
Q16185037,Q10862512,ALUMNI
Q56398793,Q2308020,ALUMNI
Q16187396,Q1145992,ALUMNI
Q16187396,Q17056026,ALUMNI
Q105422703,Q12523350,ALUMNI
Q16187405,Q534515,ALUMNI
Q72061436,Q1805085,ALUMNI
Q16187409,Q1336952,ALUMNI
Q18978693,Q3181122,ALUMNI
Q18978693,Q14091635,ALUMNI
Q123726113,Q4250926,ALUMNI
Q6318658,Q534515,ALUMNI
Q6318658,Q1824905,ALUMNI
Q123716056,Q7896000,ALUMNI
Q3107476,Q168756,ALUMNI
Q3107476,Q174570,ALUMNI
Q3107476,Q534515,ALUMNI
Q3107476,Q2811679,ALUMNI
Q56399548,Q12523418,ALUMNI
Q109433938,Q478044,ALUMNI
Q109433938,Q534515,ALUMNI
Q109433938,Q3181122,ALUMNI
Q109450518,Q19734756,ALUMNI
Q109450518,Q109913877,ALUMNI
Q96987528,Q12523408,ALUMNI
Q17411660,Q1579397,ALUMNI
Q17411660,Q65210693,ALUMNI
Q109436657,Q1145992,ALUMNI
Q17410645,Q2308020,ALUMNI
Q25465788,Q534515,ALUMNI
Q109441136,Q12486124,ALUMNI
Q97590839,Q189022,ALUMNI
Q97590839,Q319078,ALUMNI
Q97590839,Q12510912,ALUMNI
Q28723945,Q10862512,ALUMNI
Q112896307,Q7322177,ALUMNI
Q12490637,Q3181122,ALUMNI
Q97590581,Q1579397,ALUMNI
Q97590581,Q64879314,ALUMNI
Q109433797,Q7894412,ALUMNI
Q12491586,Q1896627,ALUMNI
Q16187752,Q534515,ALUMNI
Q25462407,Q12523297,ALUMNI
Q96987615,Q12511012,ALUMNI
Q96987615,Q19735187,ALUMNI
Q12491600,Q534515,ALUMNI
Q12491600,Q1494353,ALUMNI
Q12491600,Q12510732,ALUMNI
Q56398657,Q12486124,ALUMNI
Q56398657,Q12523315,ALUMNI
Q12491602,Q534515,ALUMNI
Q12491602,Q12510927,ALUMNI
Q12491602,Q31778738,ALUMNI
Q1815982,Q1890262,ALUMNI
Q44021554,Q12523299,ALUMNI
Q12491855,Q3130435,ALUMNI
Q138314691,Q56394484,ALUMNI
Q96988312,Q1145992,ALUMNI
Q96988312,Q3130435,ALUMNI
Q12492278,Q1145992,ALUMNI
Q85992296,Q12523472,ALUMNI
Q123308136,Q30294755,ALUMNI
Q85992310,Q7894421,ALUMNI
Q96988803,Q7896000,ALUMNI
Q96988803,Q12523475,ALUMNI
Q4200758,Q7894412,ALUMNI
Q4200758,Q7894421,ALUMNI
Q109428799,Q534515,ALUMNI
Q109428799,Q1579397,ALUMNI
Q109428799,Q4250926,ALUMNI
Q12492968,Q1579397,ALUMNI
Q96989119,Q534515,ALUMNI
Q96989119,Q7603641,ALUMNI
Q96989119,Q19748089,ALUMNI
Q97590544,Q1111367,ALUMNI
Q25469512,Q19751985,ALUMNI
Q138471534,Q7895720,ALUMNI
Q138471534,Q12486660,ALUMNI
Q12493040,Q127990,ALUMNI
Q12493040,Q1579397,ALUMNI
Q131842522,Q1145992,ALUMNI
Q131842522,Q19748166,ALUMNI
Q97590813,Q1494353,ALUMNI
Q97590813,Q12523407,ALUMNI
Q4201110,Q633529,ALUMNI
Q3079295,Q31204378,ALUMNI
Q6464196,Q1336952,ALUMNI
Q109564171,Q478044,ALUMNI
Q97590809,Q350752,ALUMNI
Q97590809,Q1145992,ALUMNI
Q97590809,Q2687517,ALUMNI
Q97590809,Q19752275,ALUMNI
Q97590809,Q65212544,ALUMNI
Q49253673,Q12523313,ALUMNI
Q12493537,Q1579397,ALUMNI
Q28723981,Q30266547,ALUMNI
Q85992363,Q17997528,ALUMNI
Q25469979,Q10862512,ALUMNI
Q109563931,Q7636602,ALUMNI
Q109437805,Q4200297,ALUMNI
Q108896227,Q534515,ALUMNI
Q108896227,Q12712165,ALUMNI
Q108896227,Q123394986,ALUMNI
Q12493949,Q3181122,ALUMNI
Q96988072,Q7683446,ALUMNI
Q96988072,Q64872996,ALUMNI
Q96987307,Q4250919,ALUMNI
Q96987307,Q74433095,ALUMNI
Q31173931,Q534515,ALUMNI
Q106159671,Q280361,ALUMNI
Q97590802,Q20427719,ALUMNI
Q97590711,Q2503208,ALUMNI
Q97590711,Q7970404,ALUMNI
Q97590711,Q12513128,ALUMNI
Q97590711,Q12523299,ALUMNI
Q15272197,Q1041737,ALUMNI
Q15272197,Q7109265,ALUMNI
Q17410713,Q7894418,ALUMNI
Q17410713,Q97572626,ALUMNI
Q96988738,Q7603634,ALUMNI
Q96988738,Q12513102,ALUMNI
Q96988738,Q28950106,ALUMNI
Q16188298,Q10862512,ALUMNI
Q10860294,Q478044,ALUMNI
Q10860294,Q534515,ALUMNI
Q13094776,Q97598551,ALUMNI
Q12696267,Q109912595,ALUMNI
Q109541675,Q1814435,ALUMNI
Q109541675,Q7408055,ALUMNI
Q109541675,Q19735173,ALUMNI
Q109541675,Q125050089,ALUMNI
Q14917375,Q432637,ALUMNI
Q12495539,Q7408055,ALUMNI
Q12495549,Q1579397,ALUMNI
Q16188358,Q12506117,ALUMNI
Q16188358,Q12523337,ALUMNI
Q13094782,Q4250926,ALUMNI
Q25469688,Q12471193,ALUMNI
Q96986926,Q534515,ALUMNI
Q96986926,Q6514349,ALUMNI
Q96986926,Q12486124,ALUMNI
Q109436162,Q478044,ALUMNI
Q30316816,Q7590080,ALUMNI
Q97590548,Q97570581,ALUMNI
Q97590548,Q97570586,ALUMNI
Q16188417,Q12471193,ALUMNI
Q109439784,Q478044,ALUMNI
Q109439784,Q12523408,ALUMNI
Q96987348,Q3958218,ALUMNI
Q109258059,Q350752,ALUMNI
Q96987986,Q19752731,ALUMNI
Q16188439,Q1579397,ALUMNI
Q16188439,Q17056026,ALUMNI
Q16188439,Q97596258,ALUMNI
Q16188439,Q97596265,ALUMNI
Q12495710,Q12523355,ALUMNI
Q12495708,Q19744761,ALUMNI
Q16188447,Q7603634,ALUMNI
Q16188447,Q12523322,ALUMNI
Q28723640,Q12523355,ALUMNI
Q132308190,Q19747794,ALUMNI
Q109436637,Q97308548,ALUMNI
Q107641062,Q12523345,ALUMNI
Q12497177,Q12506153,ALUMNI
Q12497177,Q14917501,ALUMNI
Q12497177,Q19744776,ALUMNI
Q28724425,Q17997867,ALUMNI
Q123868672,Q7686915,ALUMNI
Q123868672,Q12510680,ALUMNI
Q123868672,Q12511297,ALUMNI
Q123868672,Q12523319,ALUMNI
Q12496084,Q1145992,ALUMNI
Q16188512,Q12523355,ALUMNI
Q17411352,Q534515,ALUMNI
Q17411352,Q7894418,ALUMNI
Q12496129,Q4200297,ALUMNI
Q16188533,Q1896627,ALUMNI
Q16188533,Q6177417,ALUMNI
Q112601378,Q12523404,ALUMNI
Q112601378,Q52636186,ALUMNI
Q112601378,Q72811494,ALUMNI
Q112601378,Q123766780,ALUMNI
Q17410678,Q12481560,ALUMNI
Q17410678,Q12523348,ALUMNI
Q123887357,Q7683446,ALUMNI
Q96988696,Q4250926,ALUMNI
Q123219178,Q12523315,ALUMNI
Q28839639,Q4200341,ALUMNI
Q28839639,Q12510348,ALUMNI
Q12496803,Q7894418,ALUMNI
Q16188622,Q4200297,ALUMNI
Q17410790,Q534515,ALUMNI
Q5995672,Q14091635,ALUMNI
Q16188648,Q534515,ALUMNI
Q16188651,Q350752,ALUMNI
Q19728876,Q1145992,ALUMNI
Q3502316,Q10862512,ALUMNI
Q17410685,Q12506117,ALUMNI
Q108894395,Q12486124,ALUMNI
Q97226466,Q12471222,ALUMNI
Q3502322,Q127990,ALUMNI
Q3502322,Q129421,ALUMNI
Q123219131,Q30294479,ALUMNI
Q6761642,Q156598,ALUMNI
Q96988045,Q6818526,ALUMNI
Q12497093,Q2306715,ALUMNI
Q12497093,Q4250926,ALUMNI
Q105550920,Q1847733,ALUMNI
Q109438110,Q12523446,ALUMNI
Q12497115,Q280361,ALUMNI
Q12497115,Q1075339,ALUMNI
Q12497115,Q1579397,ALUMNI
Q61118772,Q12486660,ALUMNI
Q65214025,Q534515,ALUMNI
Q12497146,Q534515,ALUMNI
Q17410585,Q534515,ALUMNI
Q56413448,Q534515,ALUMNI
Q25469768,Q7683446,ALUMNI
Q96987628,Q12523440,ALUMNI
Q96987628,Q17997518,ALUMNI
Q112896208,Q6127803,ALUMNI
Q58290,Q127990,ALUMNI
Q58290,Q174570,ALUMNI
Q58290,Q536282,ALUMNI
Q58290,Q741082,ALUMNI
Q58290,Q5158784,ALUMNI
Q58290,Q5365245,ALUMNI
Q28723937,Q7896055,ALUMNI
Q65204823,Q17997867,ALUMNI
Q96989532,Q534515,ALUMNI
Q31173093,Q12486122,ALUMNI
Q17410695,Q350752,ALUMNI
Q7384733,Q1723289,ALUMNI
Q7384733,Q4200297,ALUMNI
Q6781884,Q14091635,ALUMNI
Q28724548,Q6127803,ALUMNI
Q59647570,Q109911978,ALUMNI
Q59647570,Q123451689,ALUMNI
Q59647570,Q123773288,ALUMNI
Q59647570,Q124104697,ALUMNI
Q17410702,Q12510508,ALUMNI
Q17410702,Q12523344,ALUMNI
Q17410702,Q12712165,ALUMNI
Q12497248,Q1145992,ALUMNI
Q12497383,Q534515,ALUMNI
Q12497527,Q20426266,ALUMNI
Q25465725,Q12523354,ALUMNI
Q85992784,Q17997867,ALUMNI
Q85992784,Q19752731,ALUMNI
Q96988293,Q7408055,ALUMNI
Q65212182,Q3958218,ALUMNI
Q959187,Q4250926,ALUMNI
Q76179,Q534515,ALUMNI
Q76179,Q3181122,ALUMNI
Q60330208,Q97570484,ALUMNI
Q56399550,Q1815710,ALUMNI
Q56399550,Q7308519,ALUMNI
Q56399550,Q14091635,ALUMNI
Q12497951,Q19741356,ALUMNI
Q17410719,Q7452397,ALUMNI
Q96988309,Q7896071,ALUMNI
Q96988309,Q12510246,ALUMNI
Q96988309,Q106037215,ALUMNI
Q116505631,Q7895720,ALUMNI
Q11081076,Q534515,ALUMNI
Q13095097,Q734764,ALUMNI
Q13095097,Q5184361,ALUMNI
Q13095097,Q7391101,ALUMNI
Q97590804,Q7896071,ALUMNI
Q97590804,Q12511291,ALUMNI
Q97590804,Q97210189,ALUMNI
Q97590804,Q98745782,ALUMNI
Q97590804,Q98745833,ALUMNI
Q18421422,Q1579397,ALUMNI
Q16166575,Q4250926,ALUMNI
Q97590857,Q19732714,ALUMNI
Q96989509,Q478044,ALUMNI
Q110103050,Q12523348,ALUMNI
Q96987994,Q534515,ALUMNI
Q85992888,Q12523318,ALUMNI
Q4200159,Q13371,ALUMNI
Q4200159,Q534515,ALUMNI
Q4200159,Q3181122,ALUMNI
Q8995080,Q683580,ALUMNI
Q19747967,Q12471192,ALUMNI
Q109564145,Q168000,ALUMNI
Q109564145,Q503415,ALUMNI
Q109434832,Q12523473,ALUMNI
Q12498760,Q124313841,ALUMNI
Q56399215,Q478044,ALUMNI
Q25469881,Q3181122,ALUMNI
Q12498747,Q168756,ALUMNI
Q12498747,Q1145992,ALUMNI
Q12498747,Q1150105,ALUMNI
Q4258719,Q3181122,ALUMNI
Q12498756,Q534515,ALUMNI
Q12498761,Q280361,ALUMNI
Q25461525,Q3716653,ALUMNI
Q25461525,Q12506117,ALUMNI
Q56391001,Q12523348,ALUMNI
Q110104282,Q19744759,ALUMNI
Q85992925,Q3846721,ALUMNI
Q28724543,Q7481592,ALUMNI
Q97590728,Q1474019,ALUMNI
Q18421350,Q156598,ALUMNI
Q18421350,Q534515,ALUMNI
Q18421350,Q1145992,ALUMNI
Q17410756,Q7442749,ALUMNI
Q3503054,Q534515,ALUMNI
Q85992929,Q7895720,ALUMNI
Q12498992,Q534515,ALUMNI
Q12498992,Q7442749,ALUMNI
Q12498992,Q7894421,ALUMNI
Q12498992,Q19746168,ALUMNI
Q1279930,Q12523423,ALUMNI
Q109442908,Q4200627,ALUMNI
Q12499308,Q534515,ALUMNI
Q85992957,Q10862378,ALUMNI
Q26236935,Q1145992,ALUMNI
Q12499327,Q534515,ALUMNI
Q12499327,Q1145992,ALUMNI
Q123332654,Q13098258,ALUMNI
Q16181301,Q1145992,ALUMNI
Q112896293,Q12523371,ALUMNI
Q12499338,Q457281,ALUMNI
Q17410767,Q4200627,ALUMNI
Q17410767,Q12523348,ALUMNI
Q17410769,Q56391215,ALUMNI
Q17410769,Q97596283,ALUMNI
Q109436727,Q6127803,ALUMNI
Q12499357,Q3181122,ALUMNI
Q17410774,Q534515,ALUMNI
Q17410775,Q1145992,ALUMNI
Q132308292,Q4200627,ALUMNI
Q132308292,Q12523351,ALUMNI
Q105803100,Q14917501,ALUMNI
Q12499361,Q534515,ALUMNI
Q6002011,Q1579397,ALUMNI
Q17410777,Q1141452,ALUMNI
Q17410777,Q19749142,ALUMNI
Q123710214,Q1444125,ALUMNI
Q123710214,Q12510188,ALUMNI
Q123710214,Q12523349,ALUMNI
Q76354,Q478044,ALUMNI
Q76354,Q1136829,ALUMNI
Q12499367,Q3181122,ALUMNI
Q12499369,Q1896627,ALUMNI
Q109702077,Q1579397,ALUMNI
Q109702077,Q7452397,ALUMNI
Q109702077,Q7894418,ALUMNI
Q96989526,Q28950092,ALUMNI
Q12499371,Q30632611,ALUMNI
Q97590798,Q1579397,ALUMNI
Q6932644,Q30632611,ALUMNI
Q17410937,Q1579397,ALUMNI
Q17410782,Q1142924,ALUMNI
Q17410782,Q1350021,ALUMNI
Q17410783,Q350752,ALUMNI
Q17410783,Q1336952,ALUMNI
Q12499378,Q1145992,ALUMNI
Q10860139,Q19751985,ALUMNI
Q20278470,Q13098258,ALUMNI
Q109439324,Q97228230,ALUMNI
Q124312225,Q350752,ALUMNI
Q124312225,Q12506117,ALUMNI
Q12499385,Q12506117,ALUMNI
Q12499385,Q12523349,ALUMNI
Q31173094,Q4200341,ALUMNI
Q31173094,Q12510937,ALUMNI
Q96991913,Q12523355,ALUMNI
Q96991913,Q12523389,ALUMNI
Q49253541,Q19744816,ALUMNI
Q12499392,Q10862512,ALUMNI
Q109441135,Q478044,ALUMNI
Q12499394,Q1145992,ALUMNI
Q10860352,Q173959,ALUMNI
Q17411773,Q1579397,ALUMNI
Q106772657,Q7603634,ALUMNI
Q61118852,Q7603634,ALUMNI
Q12499407,Q12523473,ALUMNI
Q12499407,Q19740102,ALUMNI
Q123279817,Q12523355,ALUMNI
Q109563710,Q12486118,ALUMNI
Q16773566,Q4250926,ALUMNI
Q12499431,Q350752,ALUMNI
Q31174184,Q12523366,ALUMNI
Q123883213,Q12486124,ALUMNI
Q12499475,Q4250926,ALUMNI
Q12499475,Q19735065,ALUMNI
Q31172880,Q10862378,ALUMNI
Q48437655,Q534515,ALUMNI
Q48437655,Q587326,ALUMNI
Q56223053,Q478044,ALUMNI
Q1953315,Q1336952,ALUMNI
Q136037999,Q839669,ALUMNI
Q49253389,Q7322177,ALUMNI
Q56394441,Q12523350,ALUMNI
Q97590553,Q6482697,ALUMNI
Q97590553,Q97572684,ALUMNI
Q17410809,Q1145992,ALUMNI
Q65600672,Q10862512,ALUMNI
Q17410811,Q12510476,ALUMNI
Q17410811,Q12523366,ALUMNI
Q97590805,Q12523449,ALUMNI
Q12499710,Q3181122,ALUMNI
Q1398584,Q3217284,ALUMNI
Q468390,Q2306715,ALUMNI
Q58344774,Q534515,ALUMNI
Q58344774,Q1336952,ALUMNI
Q58344774,Q19745825,ALUMNI
Q56394506,Q1579397,ALUMNI
Q109436605,Q25460602,ALUMNI
Q97307179,Q3958218,ALUMNI
Q97590844,Q478044,ALUMNI
Q97590844,Q12510315,ALUMNI
Q97590844,Q12511108,ALUMNI
Q97590844,Q97570581,ALUMNI
Q97590844,Q97570586,ALUMNI
Q1957089,Q1362729,ALUMNI
Q17410820,Q2306715,ALUMNI
Q12499806,Q10862512,ALUMNI
Q25468371,Q19751985,ALUMNI
Q12499835,Q534515,ALUMNI
Q12499835,Q1881864,ALUMNI
Q61118543,Q7895720,ALUMNI
Q12500001,Q10862512,ALUMNI
Q12500067,Q1145992,ALUMNI
Q96987301,Q12486660,ALUMNI
Q12500163,Q19744816,ALUMNI
Q122029303,Q280361,ALUMNI
Q96988042,Q1145992,ALUMNI
Q96988042,Q7894418,ALUMNI
Q25465721,Q1145992,ALUMNI
Q12500214,Q534515,ALUMNI
Q12500214,Q598841,ALUMNI
Q17410844,Q1579397,ALUMNI
Q17410844,Q57947176,ALUMNI
Q12500221,Q173959,ALUMNI
Q12500221,Q12523349,ALUMNI
Q12500221,Q12523350,ALUMNI
Q25470631,Q1579397,ALUMNI
Q12500335,Q7408055,ALUMNI
Q25466264,Q8045825,ALUMNI
Q123219171,Q28950092,ALUMNI
Q25469122,Q478044,ALUMNI
Q12500353,Q534515,ALUMNI
Q17410581,Q534515,ALUMNI
Q17410581,Q3181122,ALUMNI
Q85993219,Q534515,ALUMNI
Q109432831,Q12523466,ALUMNI
Q97307652,Q13098260,ALUMNI
Q108890499,Q7894412,ALUMNI
Q108890499,Q12510681,ALUMNI
Q31172995,Q12523328,ALUMNI
Q12500725,Q3181122,ALUMNI
Q12500725,Q19735212,ALUMNI
Q12500725,Q64893423,ALUMNI
Q56413418,Q217439,ALUMNI
Q56413418,Q1145992,ALUMNI
Q56413418,Q12523348,ALUMNI
Q109434354,Q7896000,ALUMNI
Q28724472,Q4200341,ALUMNI
Q106878555,Q7896072,ALUMNI
Q12500811,Q3181122,ALUMNI
Q20278483,Q10862512,ALUMNI
Q108891140,Q28950077,ALUMNI
Q19746722,Q12523307,ALUMNI
Q12500897,Q12471192,ALUMNI
Q97590719,Q11223593,ALUMNI
Q97590719,Q12523348,ALUMNI
Q135936443,Q319078,ALUMNI
Q17410868,Q19749142,ALUMNI
Q3658059,Q534515,ALUMNI
Q3658059,Q4250926,ALUMNI
Q56392471,Q534515,ALUMNI
Q31173622,Q4200627,ALUMNI
Q31173622,Q6177417,ALUMNI
Q31173622,Q25457836,ALUMNI
Q31173622,Q67180070,ALUMNI
Q120203671,Q350752,ALUMNI
Q12500968,Q534515,ALUMNI
Q7069974,Q5643706,ALUMNI
Q7069993,Q2306715,ALUMNI
Q123219161,Q12523348,ALUMNI
Q123219161,Q12523428,ALUMNI
Q17410878,Q534515,ALUMNI
Q19752310,Q478044,ALUMNI
Q19752310,Q1188786,ALUMNI
Q7070076,Q7603607,ALUMNI
Q25466744,Q3181122,ALUMNI
Q12501020,Q4200341,ALUMNI
Q12501020,Q19734881,ALUMNI
Q17410880,Q7603634,ALUMNI
Q28723779,Q3181122,ALUMNI
Q28723779,Q4200341,ALUMNI
Q19752311,Q12523421,ALUMNI
Q96989175,Q12510595,ALUMNI
Q96989175,Q64575258,ALUMNI
Q3346474,Q534515,ALUMNI
Q3346474,Q1145992,ALUMNI
Q12501026,Q12707341,ALUMNI
Q12501029,Q49110,ALUMNI
Q12501029,Q534515,ALUMNI
Q12501030,Q12523473,ALUMNI
Q96987544,Q2306715,ALUMNI
Q96987544,Q12511174,ALUMNI
Q17410883,Q12510364,ALUMNI
Q17410883,Q12511035,ALUMNI
Q17410883,Q12523309,ALUMNI
Q17410883,Q13098258,ALUMNI
Q12501035,Q534515,ALUMNI
Q123710327,Q7603607,ALUMNI
Q17410884,Q534515,ALUMNI
Q17410885,Q4200627,ALUMNI
Q17410885,Q12523366,ALUMNI
Q25466479,Q7322177,ALUMNI
Q97590596,Q1573634,ALUMNI
Q12501158,Q17997867,ALUMNI
Q12501174,Q1145992,ALUMNI
Q12501257,Q534515,ALUMNI
Q109432938,Q12523307,ALUMNI
Q4251050,Q534515,ALUMNI
Q7093799,Q214341,ALUMNI
Q109441988,Q3181122,ALUMNI
Q96987984,Q4250926,ALUMNI
Q109438531,Q350752,ALUMNI
Q2140777,Q19748156,ALUMNI
Q2140777,Q19752649,ALUMNI
Q22007292,Q12523429,ALUMNI
Q22007292,Q17056026,ALUMNI
Q12502407,Q4200341,ALUMNI
Q109430801,Q350752,ALUMNI
Q109434335,Q3181122,ALUMNI
Q97217964,Q131252,ALUMNI
Q97217964,Q1413558,ALUMNI
Q25469769,Q7894421,ALUMNI
Q96988014,Q12510274,ALUMNI
Q96988014,Q12523351,ALUMNI
Q96988014,Q12523422,ALUMNI
Q96988004,Q13098269,ALUMNI
Q11080357,Q3181122,ALUMNI
Q17410914,Q478044,ALUMNI
Q12503767,Q1336952,ALUMNI
Q120202109,Q3130435,ALUMNI
Q12503831,Q1579397,ALUMNI
Q19747155,Q4250919,ALUMNI
Q56399371,Q12511036,ALUMNI
Q51417348,Q182973,ALUMNI
Q51417348,Q1145992,ALUMNI
Q28155006,Q156598,ALUMNI
Q7192717,Q1145992,ALUMNI
Q108889762,Q866012,ALUMNI
Q12505698,Q534515,ALUMNI
Q12505698,Q14091635,ALUMNI
Q12505908,Q189022,ALUMNI
Q18421380,Q3181122,ALUMNI
Q18421380,Q3213529,ALUMNI
Q18421380,Q52907010,ALUMNI
Q2107268,Q7713555,ALUMNI
Q2107268,Q7926798,ALUMNI
Q2107268,Q10862512,ALUMNI
Q12506310,Q1579397,ALUMNI
Q12506342,Q1145992,ALUMNI
Q12506342,Q1579397,ALUMNI
Q12506342,Q3181122,ALUMNI
Q7238276,Q12471190,ALUMNI
Q49256793,Q598841,ALUMNI
Q49256793,Q1784861,ALUMNI
Q49256793,Q5974512,ALUMNI
Q105969652,Q7686944,ALUMNI
Q12506406,Q15575,ALUMNI
Q12506406,Q223429,ALUMNI
Q12506406,Q1145992,ALUMNI
Q17410947,Q19752649,ALUMNI
Q4378323,Q156598,ALUMNI
Q12506459,Q4250926,ALUMNI
Q12506459,Q19746637,ALUMNI
Q4250945,Q1145992,ALUMNI
Q15646541,Q534515,ALUMNI
Q61118414,Q12523344,ALUMNI
Q96988370,Q319078,ALUMNI
Q96988370,Q64575370,ALUMNI
Q12507435,Q534515,ALUMNI
Q18421415,Q4250926,ALUMNI
Q18421415,Q12509597,ALUMNI
Q18421415,Q12510593,ALUMNI
Q18421415,Q19746662,ALUMNI
Q124160461,Q127990,ALUMNI
Q124160461,Q1579397,ALUMNI
Q17410972,Q1573634,ALUMNI
Q109430875,Q12523400,ALUMNI
Q12507527,Q10862512,ALUMNI
Q12507532,Q10862512,ALUMNI
Q14917433,Q12510242,ALUMNI
Q14917433,Q12513106,ALUMNI
Q12507596,Q651233,ALUMNI
Q12507596,Q1091287,ALUMNI
Q96988063,Q12523335,ALUMNI
Q138414851,Q7481592,ALUMNI
Q138414851,Q109913497,ALUMNI
Q138414851,Q109919700,ALUMNI
Q12507600,Q534515,ALUMNI
Q12507600,Q12523309,ALUMNI
Q17410982,Q280361,ALUMNI
Q19731920,Q213439,ALUMNI
Q19731920,Q1784861,ALUMNI
Q19731920,Q4036405,ALUMNI
Q19731920,Q98635243,ALUMNI
Q19731920,Q98713576,ALUMNI
Q12507702,Q1494353,ALUMNI
Q96988010,Q4200627,ALUMNI
Q31172828,Q1145992,ALUMNI
Q65213904,Q1145992,ALUMNI
Q65213904,Q12712165,ALUMNI
Q31172982,Q280361,ALUMNI
Q109435794,Q19751985,ALUMNI
Q16183751,Q10862378,ALUMNI
Q4200630,Q10862512,ALUMNI
Q25464379,Q12523349,ALUMNI
Q12507786,Q534515,ALUMNI
Q96987582,Q12523355,ALUMNI
Q96987582,Q19734881,ALUMNI
Q96987582,Q108966439,ALUMNI
Q96987324,Q7686915,ALUMNI
Q7295346,Q12481560,ALUMNI
Q109436663,Q4200341,ALUMNI
Q74796806,Q1494353,ALUMNI
Q132320027,Q478044,ALUMNI
Q107340498,Q3213529,ALUMNI
Q7296050,Q12523307,ALUMNI
Q96988805,Q7895720,ALUMNI
Q17410464,Q14091635,ALUMNI
Q4263173,Q3806225,ALUMNI
Q109441110,Q13098258,ALUMNI
Q109432932,Q7896000,ALUMNI
Q25464620,Q1973130,ALUMNI
Q12508303,Q109913657,ALUMNI
Q115116931,Q280361,ALUMNI
Q12508447,Q478044,ALUMNI
Q12508447,Q19740102,ALUMNI
Q12508447,Q97572683,ALUMNI
Q12508447,Q97577621,ALUMNI
Q16188697,Q12712165,ALUMNI
Q16188697,Q13098212,ALUMNI
Q109438096,Q478044,ALUMNI
Q14917436,Q4250926,ALUMNI
Q18342668,Q1145992,ALUMNI
Q18342668,Q2693497,ALUMNI
Q105970006,Q3181122,ALUMNI
Q109435883,Q6127803,ALUMNI
Q18421455,Q534515,ALUMNI
Q18421455,Q7894412,ALUMNI
Q18421455,Q12510217,ALUMNI
Q17411031,Q7896071,ALUMNI
Q109440639,Q534515,ALUMNI
Q109440639,Q3181122,ALUMNI
Q109440639,Q14933548,ALUMNI
Q109440639,Q123771375,ALUMNI
Q97203081,Q17997867,ALUMNI
Q123714969,Q12523350,ALUMNI
Q123714969,Q31173835,ALUMNI
Q96989102,Q3267815,ALUMNI
Q107061358,Q350752,ALUMNI
Q107061358,Q632004,ALUMNI
Q107061358,Q682739,ALUMNI
Q56417066,Q478044,ALUMNI
Q56417066,Q30294512,ALUMNI
Q109563761,Q7452397,ALUMNI
Q109563761,Q64881072,ALUMNI
Q7333042,Q168756,ALUMNI
Q7333042,Q1579397,ALUMNI
Q7333042,Q5146711,ALUMNI
Q7333042,Q7391096,ALUMNI
Q7333042,Q19740064,ALUMNI
Q1662135,Q534515,ALUMNI
Q1662135,Q12510293,ALUMNI
Q1662135,Q12511106,ALUMNI
Q1662135,Q111684068,ALUMNI
Q49253838,Q12486122,ALUMNI
Q85993888,Q1145992,ALUMNI
Q85993888,Q7894412,ALUMNI
Q17411050,Q17997867,ALUMNI
Q6856490,Q49205,ALUMNI
Q109434353,Q1336952,ALUMNI
Q31173878,Q534515,ALUMNI
Q97590585,Q4250926,ALUMNI
Q97590585,Q12702225,ALUMNI
Q132320044,Q7553485,ALUMNI
Q108901504,Q12523366,ALUMNI
Q97243754,Q174158,ALUMNI
Q97243754,Q12523284,ALUMNI
Q108775749,Q64895246,ALUMNI
Q108775749,Q64895262,ALUMNI
Q107546790,Q12510549,ALUMNI
Q108892712,Q28954262,ALUMNI
Q12508767,Q1579397,ALUMNI
Q7339075,Q1145992,ALUMNI
Q93388029,Q472316,ALUMNI
Q109436732,Q12523301,ALUMNI
Q96988731,Q12523282,ALUMNI
Q96989094,Q17997383,ALUMNI
Q109433820,Q4250926,ALUMNI
Q107337227,Q12506014,ALUMNI
Q12508813,Q1145992,ALUMNI
Q56398760,Q534515,ALUMNI
Q56398760,Q12523323,ALUMNI
Q85993932,Q6026203,ALUMNI
Q25467863,Q1145992,ALUMNI
Q123880282,Q1145992,ALUMNI
Q17410470,Q2306715,ALUMNI
Q109440620,Q109434801,ALUMNI
Q49254437,Q4200341,ALUMNI
Q49254437,Q12509708,ALUMNI
Q7372538,Q534515,ALUMNI
Q9019254,Q1145992,ALUMNI
Q9019254,Q3152325,ALUMNI
Q61118739,Q14917448,ALUMNI
Q109438126,Q12486653,ALUMNI
Q109438126,Q97307913,ALUMNI
Q18421249,Q1896627,ALUMNI
Q18421249,Q6177417,ALUMNI
Q18421404,Q534515,ALUMNI
Q18421404,Q3181122,ALUMNI
Q109564111,Q7894412,ALUMNI
Q109564111,Q7894414,ALUMNI
Q12508994,Q10862512,ALUMNI
Q12508997,Q912329,ALUMNI
Q97590845,Q534515,ALUMNI
Q97590845,Q3181122,ALUMNI
Q97590845,Q12523366,ALUMNI
Q109439231,Q752663,ALUMNI
Q4262592,Q3181122,ALUMNI
Q25469772,Q7683446,ALUMNI
Q18421320,Q19749142,ALUMNI
Q120202788,Q7894418,ALUMNI
Q10860019,Q7322177,ALUMNI
Q3565770,Q4200341,ALUMNI
Q109437436,Q10862512,ALUMNI
Q4262541,Q1145992,ALUMNI
Q7419791,Q534515,ALUMNI
Q12509222,Q217439,ALUMNI
Q7419814,Q12471190,ALUMNI
Q7387595,Q534515,ALUMNI
Q28600070,Q534515,ALUMNI
Q28600070,Q850730,ALUMNI
Q28600070,Q12510646,ALUMNI
Q12511361,Q13098212,ALUMNI
Q96989164,Q7896071,ALUMNI
Q25457680,Q534515,ALUMNI
Q109432923,Q20426828,ALUMNI
Q28723811,Q1896627,ALUMNI
Q12511438,Q12523483,ALUMNI
Q25463980,Q17997867,ALUMNI
Q25469740,Q6127803,ALUMNI
Q108896472,Q7894418,ALUMNI
Q108896472,Q109913937,ALUMNI
Q108896472,Q123453757,ALUMNI
Q108896472,Q125049703,ALUMNI
Q9072611,Q12523421,ALUMNI
Q61054906,Q12523394,ALUMNI
Q12511499,Q2626206,ALUMNI
Q135509931,Q3958218,ALUMNI
Q135509931,Q12523350,ALUMNI
Q135509931,Q12523351,ALUMNI
Q135509931,Q12523376,ALUMNI
Q19731782,Q12523355,ALUMNI
Q97590743,Q478044,ALUMNI
Q97590743,Q7408055,ALUMNI
Q17411207,Q12523318,ALUMNI
Q17411207,Q97570581,ALUMNI
Q12511505,Q7894418,ALUMNI
Q96989158,Q12513081,ALUMNI
Q12511575,Q1579397,ALUMNI
Q16050056,Q19732654,ALUMNI
Q19745898,Q12523366,ALUMNI
Q17411216,Q10862512,ALUMNI
Q12511628,Q1111640,ALUMNI
Q12511628,Q4200341,ALUMNI
Q12511628,Q12523349,ALUMNI
Q12511628,Q74551587,ALUMNI
Q96988317,Q12523432,ALUMNI
Q96988317,Q97577624,ALUMNI
Q109564051,Q12471190,ALUMNI
Q109564051,Q12513038,ALUMNI
Q12511651,Q1141959,ALUMNI
Q133697926,Q7896071,ALUMNI
Q4202141,Q206702,ALUMNI
Q4202141,Q1065414,ALUMNI
Q19723964,Q19744827,ALUMNI
Q109564167,Q7603607,ALUMNI
Q97590847,Q12523313,ALUMNI
Q106044474,Q478044,ALUMNI
Q106044474,Q5643706,ALUMNI
Q109435951,Q4200341,ALUMNI
Q7416335,Q429561,ALUMNI
Q7416335,Q432637,ALUMNI
Q7416335,Q1847733,ALUMNI
Q108890977,Q19735082,ALUMNI
Q105959361,Q1573634,ALUMNI
Q97192324,Q4250919,ALUMNI
Q85994151,Q12486124,ALUMNI
Q85994151,Q67180070,ALUMNI
Q19731911,Q1145992,ALUMNI
Q109564168,Q12523368,ALUMNI
Q109564168,Q30265565,ALUMNI
Q97590759,Q534515,ALUMNI
Q97590759,Q3181122,ALUMNI
Q12512226,Q12523408,ALUMNI
Q9333940,Q156598,ALUMNI
Q13096807,Q1579397,ALUMNI
Q13096807,Q1824905,ALUMNI
Q25468237,Q6482697,ALUMNI
Q12512338,Q1033335,ALUMNI
Q109697546,Q12523349,ALUMNI
Q25469353,Q7452397,ALUMNI
Q65676987,Q3958218,ALUMNI
Q97590579,Q49115,ALUMNI
Q97590579,Q12510564,ALUMNI
Q109435955,Q7683446,ALUMNI
Q16178444,Q4250926,ALUMNI
Q49252263,Q3181122,ALUMNI
Q110103262,Q7322177,ALUMNI
Q58924768,Q12513114,ALUMNI
Q18421371,Q4250926,ALUMNI
Q18421371,Q64575277,ALUMNI
Q109432815,Q4200627,ALUMNI
Q132194903,Q1145992,ALUMNI
Q72982690,Q173959,ALUMNI
Q72982690,Q7089955,ALUMNI
Q72982690,Q12522872,ALUMNI
Q131406018,Q38881,ALUMNI
Q131406018,Q7178629,ALUMNI
Q17411356,Q7452397,ALUMNI
Q56416581,Q503419,ALUMNI
Q12514964,Q3130435,ALUMNI
Q97590595,Q4250919,ALUMNI
Q12515425,Q19752649,ALUMNI
Q13097173,Q1579397,ALUMNI
Q3118591,Q534515,ALUMNI
Q12515516,Q4250926,ALUMNI
Q17410763,Q1145992,ALUMNI
Q123219164,Q7894418,ALUMNI
Q123219164,Q74433163,ALUMNI
Q85994401,Q7452397,ALUMNI
Q85994401,Q7476068,ALUMNI
Q18421248,Q2306715,ALUMNI
Q28355682,Q2190504,ALUMNI
Q28355682,Q7428928,ALUMNI
Q106159996,Q280361,ALUMNI
Q61118430,Q12712165,ALUMNI
Q97590769,Q12511291,ALUMNI
Q97590769,Q12513063,ALUMNI
Q10860115,Q17997867,ALUMNI
Q12518358,Q12523366,ALUMNI
Q12518358,Q12523435,ALUMNI
Q61119233,Q1573634,ALUMNI
Q97590540,Q64575776,ALUMNI
Q17411397,Q20427430,ALUMNI
Q109564130,Q3181122,ALUMNI
Q109564130,Q3213529,ALUMNI
Q103823834,Q10862512,ALUMNI
Q106371979,Q10862512,ALUMNI
Q7553479,Q1145992,ALUMNI
Q96988795,Q12523284,ALUMNI
Q17411407,Q4200341,ALUMNI
Q13097202,Q3181122,ALUMNI
Q96987607,Q2306715,ALUMNI
Q96987607,Q19752881,ALUMNI
Q96987607,Q25462675,ALUMNI
Q19740381,Q1145992,ALUMNI
Q13097203,Q10862512,ALUMNI
Q25461524,Q1145992,ALUMNI
Q6723714,Q156598,ALUMNI
Q17411419,Q7452397,ALUMNI
Q12515789,Q10862512,ALUMNI
Q25469801,Q4200297,ALUMNI
Q56640236,Q492467,ALUMNI
Q56640236,Q1145992,ALUMNI
Q56640236,Q1192597,ALUMNI
Q7553781,Q534515,ALUMNI
Q7553781,Q1824905,ALUMNI
Q96986893,Q6127803,ALUMNI
Q12515797,Q49120,ALUMNI
Q12515797,Q534515,ALUMNI
Q6668945,Q7894416,ALUMNI
Q16182795,Q274486,ALUMNI
Q16182795,Q534845,ALUMNI
Q16182795,Q845138,ALUMNI
Q16182795,Q2306715,ALUMNI
Q12515831,Q2306715,ALUMNI
Q96987974,Q1579397,ALUMNI
Q25464492,Q1057398,ALUMNI
Q25464492,Q1145992,ALUMNI
Q85994491,Q13098258,ALUMNI
Q28485093,Q12523463,ALUMNI
Q109440724,Q19751985,ALUMNI
Q96988747,Q4200297,ALUMNI
Q96988747,Q57947176,ALUMNI
Q123334246,Q4200297,ALUMNI
Q3177708,Q457281,ALUMNI
Q3177708,Q534515,ALUMNI
Q17411470,Q534515,ALUMNI
Q17411428,Q12510668,ALUMNI
Q120221131,Q12523281,ALUMNI
Q96988767,Q350752,ALUMNI
Q96988767,Q12523351,ALUMNI
Q96988767,Q98768244,ALUMNI
Q96988767,Q98768246,ALUMNI
Q96988767,Q98768248,ALUMNI
Q96988046,Q7442749,ALUMNI
Q25465738,Q3130435,ALUMNI
Q25467604,Q534515,ALUMNI
Q17410907,Q12471192,ALUMNI
Q20895185,Q10862512,ALUMNI
Q109436638,Q478044,ALUMNI
Q97590748,Q12510660,ALUMNI
Q96987564,Q12523326,ALUMNI
Q96987564,Q19744837,ALUMNI
Q18421453,Q534515,ALUMNI
Q7631933,Q534515,ALUMNI
Q12516488,Q534515,ALUMNI
Q17411442,Q47927,ALUMNI
Q17411443,Q4200627,ALUMNI
Q13097278,Q12471190,ALUMNI
Q96987708,Q109919422,ALUMNI
Q25471415,Q10862512,ALUMNI
Q85994555,Q7894418,ALUMNI
Q18421410,Q432637,ALUMNI
Q25466194,Q1145992,ALUMNI
Q17411447,Q1145992,ALUMNI
Q25468378,Q350752,ALUMNI
Q69711711,Q4854741,ALUMNI
Q69711711,Q14933725,ALUMNI
Q69711711,Q19735173,ALUMNI
Q69711711,Q19749142,ALUMNI
Q56393756,Q534515,ALUMNI
Q19741452,Q4250926,ALUMNI
Q96987568,Q835440,ALUMNI
Q96987568,Q1681928,ALUMNI
Q96987568,Q7686944,ALUMNI
Q109436626,Q12513146,ALUMNI
Q85994581,Q12523335,ALUMNI
Q5247068,Q534515,ALUMNI
Q5247068,Q1579397,ALUMNI
Q12516581,Q1579397,ALUMNI
Q12516588,Q280361,ALUMNI
Q12516588,Q1145992,ALUMNI
Q12516588,Q12510277,ALUMNI
Q109436699,Q12523455,ALUMNI
Q96989140,Q1145992,ALUMNI
Q96989140,Q2738622,ALUMNI
Q109434195,Q12523443,ALUMNI
Q76127,Q31204378,ALUMNI
Q12517033,Q4200627,ALUMNI
Q12517042,Q1579397,ALUMNI
Q17411458,Q19751985,ALUMNI
Q96987982,Q30265568,ALUMNI
Q17410425,Q534515,ALUMNI
Q96987591,Q5643706,ALUMNI
Q19944312,Q1145992,ALUMNI
Q17410398,Q534515,ALUMNI
Q17411471,Q12523307,ALUMNI
Q97214398,Q12523472,ALUMNI
Q12518079,Q6004629,ALUMNI
Q123290568,Q478044,ALUMNI
Q123290568,Q12523408,ALUMNI
Q96987603,Q1145992,ALUMNI
Q56391422,Q173959,ALUMNI
Q56391422,Q25468649,ALUMNI
Q85994779,Q12486659,ALUMNI
Q7647367,Q12510684,ALUMNI
Q7647367,Q12523350,ALUMNI
Q983372,Q12523349,ALUMNI
Q85994793,Q7895720,ALUMNI
Q109564305,Q25465766,ALUMNI
Q17411486,Q534515,ALUMNI
Q123245287,Q97577630,ALUMNI
Q57405,Q540280,ALUMNI
Q57405,Q1115050,ALUMNI
Q57405,Q1438462,ALUMNI
Q57405,Q1465303,ALUMNI
Q57405,Q2306715,ALUMNI
Q57405,Q3418943,ALUMNI
Q57405,Q7452397,ALUMNI
Q57405,Q10862512,ALUMNI
Q7649147,Q17997867,ALUMNI
Q5247112,Q2306715,ALUMNI
Q31173655,Q6127803,ALUMNI
Q31173655,Q12523350,ALUMNI
Q2470857,Q156598,ALUMNI
Q2470857,Q214341,ALUMNI
Q31173139,Q58667835,ALUMNI
Q1755191,Q19752649,ALUMNI
Q1755191,Q58667835,ALUMNI
Q17411497,Q1579397,ALUMNI
Q25468924,Q1145992,ALUMNI
Q7650060,Q12523284,ALUMNI
Q30309222,Q1145992,ALUMNI
Q109327036,Q7894418,ALUMNI
Q17411510,Q14917501,ALUMNI
Q96987321,Q12523484,ALUMNI
Q85994827,Q17997867,ALUMNI
Q96988279,Q12523340,ALUMNI
Q19748688,Q534515,ALUMNI
Q109441660,Q350752,ALUMNI
Q92409837,Q7894421,ALUMNI
Q10860301,Q478044,ALUMNI
Q96987303,Q2306715,ALUMNI
Q96987303,Q12523348,ALUMNI
Q109563759,Q13098212,ALUMNI
Q17411522,Q1896627,ALUMNI
Q123219148,Q173959,ALUMNI
Q123219148,Q1494353,ALUMNI
Q12518350,Q10862512,ALUMNI
Q17411524,Q1145992,ALUMNI
Q96988797,Q12511113,ALUMNI
Q96988797,Q97570484,ALUMNI
Q20426825,Q1145992,ALUMNI
Q96990793,Q7322177,ALUMNI
Q58341409,Q7683446,ALUMNI
Q25466202,Q4200297,ALUMNI
Q7636656,Q934782,ALUMNI
Q109439762,Q7408055,ALUMNI
Q28723844,Q12523355,ALUMNI
Q7663549,Q3806225,ALUMNI
Q25467279,Q350752,ALUMNI
Q96987344,Q19744754,ALUMNI
Q61119230,Q19744776,ALUMNI
Q97590705,Q12523366,ALUMNI
Q97590573,Q4200341,ALUMNI
Q120203151,Q5629974,ALUMNI
Q56400154,Q17997867,ALUMNI
Q26236938,Q97570094,ALUMNI
Q26236938,Q97572810,ALUMNI
Q13097657,Q7894421,ALUMNI
Q17410667,Q7603607,ALUMNI
Q31173947,Q10862512,ALUMNI
Q13097746,Q478044,ALUMNI
Q25469479,Q3181122,ALUMNI
Q12520009,Q3958218,ALUMNI
Q105728351,Q4854741,ALUMNI
Q85994900,Q12471193,ALUMNI
Q31174748,Q7408055,ALUMNI
Q17411564,Q12523376,ALUMNI
Q17411565,Q12523408,ALUMNI
Q12520108,Q17997867,ALUMNI
Q12520110,Q534515,ALUMNI
Q12520112,Q4200627,ALUMNI
Q28723587,Q610253,ALUMNI
Q13097776,Q1145992,ALUMNI
Q12520259,Q12471192,ALUMNI
Q12520259,Q52637569,ALUMNI
Q17411570,Q534515,ALUMNI
Q17411570,Q12511060,ALUMNI
Q25463227,Q7442749,ALUMNI
Q17410877,Q4200341,ALUMNI
Q109441955,Q4200341,ALUMNI
Q24284635,Q1934491,ALUMNI
Q5257826,Q10862512,ALUMNI
Q12521107,Q3213529,ALUMNI
Q12521116,Q12523356,ALUMNI
Q120203983,Q10862512,ALUMNI
Q109439954,Q10862512,ALUMNI
Q4259946,Q156598,ALUMNI
Q3958199,Q58667835,ALUMNI
Q12521123,Q534515,ALUMNI
Q12521123,Q1681928,ALUMNI
Q20278543,Q534515,ALUMNI
Q20278543,Q13098258,ALUMNI
Q22133134,Q1145992,ALUMNI
Q10860412,Q1145992,ALUMNI
Q17411225,Q534515,ALUMNI
Q102158228,Q7896000,ALUMNI
Q65210174,Q579611,ALUMNI
Q65210174,Q1352632,ALUMNI
Q65210174,Q1824905,ALUMNI
Q25462546,Q13371,ALUMNI
Q4250974,Q97577681,ALUMNI
Q20426847,Q4200341,ALUMNI
Q109430859,Q13098259,ALUMNI
Q96989085,Q5643706,ALUMNI
Q96989085,Q12510315,ALUMNI
Q96989085,Q12511017,ALUMNI
Q96989085,Q97597236,ALUMNI
Q13097956,Q3267815,ALUMNI
Q12515517,Q534515,ALUMNI
Q12515517,Q12504954,ALUMNI
Q12521725,Q4200627,ALUMNI
Q12521725,Q12494364,ALUMNI
Q135457435,Q12501424,ALUMNI
Q17411590,Q1579397,ALUMNI
Q109435936,Q12523407,ALUMNI
Q112896197,Q19752732,ALUMNI
Q17411599,Q3130435,ALUMNI
Q97590609,Q161982,ALUMNI
Q97590609,Q12509743,ALUMNI
Q17411600,Q6933777,ALUMNI
Q56399440,Q746592,ALUMNI
Q17411602,Q4250926,ALUMNI
Q97307368,Q10862512,ALUMNI
Q17411603,Q19745825,ALUMNI
Q97590542,Q7590080,ALUMNI
Q12522317,Q7452397,ALUMNI
Q109440368,Q19744761,ALUMNI
Q17411548,Q10862512,ALUMNI
Q96988728,Q7010804,ALUMNI
Q17410908,Q3181122,ALUMNI
Q17410908,Q19749142,ALUMNI
Q17410908,Q31777795,ALUMNI
Q19749057,Q1579397,ALUMNI
Q76333,Q10862512,ALUMNI
Q49253199,Q12523423,ALUMNI
Q49253199,Q25066942,ALUMNI
Q18421463,Q7476068,ALUMNI
Q18421463,Q10862512,ALUMNI
Q18421463,Q52664799,ALUMNI
Q25465878,Q4250926,ALUMNI
Q12522457,Q2306715,ALUMNI
Q20895386,Q19744808,ALUMNI
Q12522830,Q12523349,ALUMNI
Q17411632,Q19744837,ALUMNI
Q25466248,Q6482697,ALUMNI
Q97590801,Q478044,ALUMNI
Q97590801,Q97572683,ALUMNI
Q85995027,Q10862512,ALUMNI
Q56524376,Q173959,ALUMNI
Q56524376,Q478044,ALUMNI
Q56524376,Q12522872,ALUMNI
Q25464672,Q2306715,ALUMNI
Q126901681,Q3181122,ALUMNI
Q1350057,Q3181122,ALUMNI
Q130371233,Q12712165,ALUMNI
Q6158256,Q534515,ALUMNI
Q72242083,Q487556,ALUMNI
Q123523274,Q7894412,ALUMNI
Q109444517,Q534515,ALUMNI
Q109444517,Q12511198,ALUMNI
Q109444517,Q19745500,ALUMNI
Q12523641,Q1145992,ALUMNI
Q17410716,Q4250926,ALUMNI
Q17410716,Q12510656,ALUMNI
Q12523651,Q7408055,ALUMNI
Q12523651,Q19734802,ALUMNI
Q17410673,Q2306715,ALUMNI
Q17410673,Q7408055,ALUMNI
Q85995056,Q17997867,ALUMNI
Q18421325,Q7426888,ALUMNI
Q108895493,Q10862512,ALUMNI
Q17410422,Q534515,ALUMNI
Q96988012,Q1145992,ALUMNI
Q96988012,Q19749142,ALUMNI
Q96988012,Q31778877,ALUMNI
Q97590815,Q534515,ALUMNI
Q97590815,Q1573634,ALUMNI
Q97590815,Q12511024,ALUMNI
Q97590793,Q12523355,ALUMNI
Q97590793,Q97570484,ALUMNI
Q109432648,Q12513134,ALUMNI
Q17411648,Q534515,ALUMNI
Q19944501,Q3180139,ALUMNI
Q96989529,Q4200297,ALUMNI
Q96989529,Q12511036,ALUMNI
Q12523977,Q12522871,ALUMNI
Q12524009,Q534515,ALUMNI
Q12524009,Q4250926,ALUMNI
Q12524009,Q12510564,ALUMNI
Q97590831,Q12523349,ALUMNI
Q97590831,Q12523440,ALUMNI
Q97590831,Q74551587,ALUMNI
Q96989193,Q12486118,ALUMNI
Q96989193,Q18941968,ALUMNI
Q96989193,Q52636873,ALUMNI
Q109563838,Q23807190,ALUMNI
Q25463013,Q534515,ALUMNI
Q25465726,Q3130435,ALUMNI
Q109861431,Q534515,ALUMNI
Q109861431,Q7481592,ALUMNI
Q109861431,Q12523351,ALUMNI
Q123308125,Q534515,ALUMNI
Q123308125,Q7894418,ALUMNI
Q109434295,Q7408055,ALUMNI
Q62363104,Q19735173,ALUMNI
Q110102794,Q4250926,ALUMNI
Q12524497,Q534515,ALUMNI
Q12524497,Q4250926,ALUMNI
Q96987612,Q1847733,ALUMNI
Q96987612,Q28954262,ALUMNI
Q12524527,Q14091635,ALUMNI
Q25465747,Q12523330,ALUMNI
Q25465747,Q97570359,ALUMNI
Q25465747,Q98202744,ALUMNI
Q25465747,Q98202768,ALUMNI
Q25465747,Q98202778,ALUMNI
Q97590766,Q4793919,ALUMNI
Q97590766,Q12486118,ALUMNI
Q12524548,Q1145992,ALUMNI
Q12524547,Q1896627,ALUMNI
Q731740,Q10862512,ALUMNI
Q27734149,Q534515,ALUMNI
Q17411689,Q7452397,ALUMNI
Q19745289,Q10862512,ALUMNI
Q17411700,Q534515,ALUMNI
Q12524985,Q1494353,ALUMNI
Q25465740,Q3130435,ALUMNI
Q97203818,Q17997867,ALUMNI
Q96987684,Q3130435,ALUMNI
Q125019508,Q19734594,ALUMNI
Q125019508,Q116289096,ALUMNI
Q125019508,Q124187886,ALUMNI
Q85995248,Q12513077,ALUMNI
Q96989494,Q7481592,ALUMNI
Q108890990,Q7476068,ALUMNI
Q109563884,Q1145992,ALUMNI
Q123219167,Q534515,ALUMNI
Q7463256,Q214341,ALUMNI
Q56391957,Q534515,ALUMNI
Q107745940,Q7603607,ALUMNI
Q107745940,Q7896071,ALUMNI
Q12525045,Q1132346,ALUMNI
Q12525045,Q2303536,ALUMNI
Q20426886,Q7408055,ALUMNI
Q20426886,Q12511027,ALUMNI
Q20426886,Q19752279,ALUMNI
Q17411706,Q3213529,ALUMNI
Q97590730,Q7408055,ALUMNI
Q97590539,Q1145992,ALUMNI
Q97590539,Q12511001,ALUMNI
Q97590539,Q19748362,ALUMNI
Q97590539,Q97572685,ALUMNI
Q97193039,Q49126,ALUMNI
Q97193039,Q372042,ALUMNI
Q97193039,Q3181122,ALUMNI
Q85840024,Q1336952,ALUMNI
Q3572174,Q49127,ALUMNI
Q3572174,Q4250926,ALUMNI
Q3572174,Q28725217,ALUMNI
Q123871004,Q7894421,ALUMNI
Q12525239,Q1534879,ALUMNI
Q12525239,Q1887879,ALUMNI
Q12525239,Q12712165,ALUMNI
Q12525239,Q19749142,ALUMNI
Q109564094,Q7415523,ALUMNI
Q19369188,Q721064,ALUMNI
Q109437834,Q350752,ALUMNI
Q98080906,Q7683446,ALUMNI
Q96988067,Q7894418,ALUMNI
Q85986562,Q280361,ALUMNI
Q85986562,Q97570581,ALUMNI
Q97590587,Q1145992,ALUMNI
Q109431097,Q12523368,ALUMNI
Q107583049,Q478044,ALUMNI
Q107583049,Q12513077,ALUMNI
Q18421481,Q17997867,ALUMNI
Q109430970,Q10862512,ALUMNI
Q19944556,Q17997867,ALUMNI
Q12525322,Q12523349,ALUMNI
Q17411728,Q10862512,ALUMNI
Q19745379,Q280361,ALUMNI
Q19745379,Q19744761,ALUMNI
Q12525329,Q12506117,ALUMNI
Q131557180,Q1145992,ALUMNI
Q109434228,Q1336952,ALUMNI
Q85995313,Q97596283,ALUMNI
Q109432061,Q12523316,ALUMNI
Q109442929,Q12523443,ALUMNI
Q96987702,Q6482697,ALUMNI
Q19798826,Q350752,ALUMNI
Q85995319,Q12523443,ALUMNI
Q138501932,Q129343459,ALUMNI
Q85995331,Q10862512,ALUMNI
Q20278565,Q280361,ALUMNI
Q85995335,Q7322177,ALUMNI
Q19726464,Q3181122,ALUMNI
Q122270946,Q10862512,ALUMNI
Q17410852,Q1145992,ALUMNI
Q19745388,Q10862512,ALUMNI
Q112896159,Q12513109,ALUMNI
Q73936967,Q7408055,ALUMNI
Q97207210,Q1336952,ALUMNI
Q8061915,Q534515,ALUMNI
Q8061915,Q1549932,ALUMNI
Q8061915,Q1973130,ALUMNI
Q25469614,Q12471192,ALUMNI
Q17411741,Q1896627,ALUMNI
Q25466305,Q4200297,ALUMNI
Q19753041,Q1145992,ALUMNI
Q19753041,Q4259201,ALUMNI
Q65557964,Q12523297,ALUMNI
Q97193074,Q12486117,ALUMNI
Q107366847,Q17997867,ALUMNI
Q8064854,Q4200341,ALUMNI
Q19753042,Q7895720,ALUMNI
Q123056795,Q65250918,ALUMNI
Q7476059,Q12523349,ALUMNI
Q12525396,Q58667835,ALUMNI
Q25466566,Q12712165,ALUMNI
Q17411756,Q12523284,ALUMNI
Q17411756,Q28725046,ALUMNI
Q17411758,Q12523331,ALUMNI
Q17411758,Q12523455,ALUMNI
Q17411758,Q74551587,ALUMNI
Q25469074,Q7442749,ALUMNI
Q112167662,Q12522857,ALUMNI
Q17411765,Q4250926,ALUMNI
Q123714984,Q280361,ALUMNI
Q123714984,Q19741350,ALUMNI
Q123714984,Q75164773,ALUMNI
Q123714984,Q123766765,ALUMNI
Q31173248,Q193196,ALUMNI
Q65204229,Q280361,ALUMNI
Q112601348,Q12523406,ALUMNI
Q10985862,Q350752,ALUMNI
Q10985862,Q19734891,ALUMNI
Q8075030,Q173959,ALUMNI
Q12525487,Q12510696,ALUMNI
Q12525487,Q19741356,ALUMNI
Q25468314,Q350752,ALUMNI
Q25468314,Q1145992,ALUMNI
Q25468314,Q12510322,ALUMNI
Q25468314,Q122200459,ALUMNI
Q17411775,Q2306715,ALUMNI
Q31173865,Q7590080,ALUMNI
Q31173865,Q12523282,ALUMNI
Q12525490,Q2306715,ALUMNI
Q20278570,Q16182620,ALUMNI
Q19745418,Q534515,ALUMNI
Q17411780,Q12523349,ALUMNI
Q31173825,Q17997867,ALUMNI
Q49255869,Q534515,ALUMNI
Q49255869,Q1859178,ALUMNI
Q17998234,Q6482697,ALUMNI
Q4260406,Q12523366,ALUMNI
Q133842429,Q280361,ALUMNI
Q133842429,Q12510277,ALUMNI
Q133842429,Q123773865,ALUMNI
Q12525496,Q280361,ALUMNI
Q12525496,Q534515,ALUMNI
